,,,,,,,,,,,,,
nile,,,,,,,,,,,,,
Annual Report of Daily Data: INSTANTANEOUS DAILY FLOW,,,,,,,,,,,,,
,,,,,,,,,,,,,
Station Number : 111007         ,Year: 1990,,,,,,,,,,,,
Station Name : MEGECH NR.AZEZO,,,,,,,,,,,,,
Time-Series Type : Flow (cumecs),,,,,,,,,,,,,
,,,,,,,,,,,,,
Latitude : 12:29: 0 N ,Longitude : 37:27: 0 E ,Area : 462.0 sq km,,,,,,,,,,,
,,,,,,,,,,,,,
,,Jan  ,Feb  ,Mar  ,Apr  ,May  ,Jun  ,Jul  ,Aug  ,Sep  ,Oct  ,Nov  ,Dec  
,,,,,,,,,,,,,
1,,0.148,0.097,0.029,0.042,0.029,0.042,8.836,8.836,10.081,2.191,0.548,0.334
2,,0.148,0.076,0.029,0.042,0.029,0.042,5.888,9.447,13.996,2.058,0.548,0.334
3,,0.148,0.076,0.029,0.042,0.029,0.029,2.925,3.969,7.143,2.058,0.488,0.334
4,,0.148,0.076,0.029,0.029,0.019,0.029,1.164,3.601,11.42,1.807,0.488,0.334
5,,0.148,0.057,0.029,0.029,0.019,0.057,8.836,12.855,8.249,1.807,0.488,0.334
6,,0.148,0.057,0.029,0.029,0.019,0.042,2.191,4.359,19.594,1.689,0.488,0.29
7,,0.148,0.057,0.029,0.029,0.019,0.042,0.985,12.855,11.076,1.575,0.488,0.29
8,,0.148,0.057,0.029,0.019,0.019,0.029,1.807,21.535,7.411,1.575,0.488,0.29
9,,0.148,0.057,0.029,0.019,1.164,0.029,7.685,19.125,7.685,1.466,0.488,0.29
10,,0.148,0.057,0.029,0.019,0.334,0.029,1.164,21.535,5.888,1.361,0.488,0.29
11,,0.148,0.076,0.019,0.019,0.121,0.019,16.877,26.854,5.888,1.361,0.433,0.29
12,,0.148,0.076,0.029,0.019,0.076,0.019,2.47,11.42,22.037,1.361,0.433,0.29
13,,0.148,0.076,0.029,0.019,0.076,0.178,1.575,29.171,16.877,1.164,0.433,0.29
14,,0.148,0.076,0.029,0.019,0.076,0.057,2.47,8.836,5.888,1.073,0.433,0.249
15,,0.121,0.076,0.029,0.019,0.076,0.042,3.424,7.685,5.653,1.073,0.433,0.249
16,,0.121,0.057,0.029,0.029,0.057,0.042,7.964,38.16,5.653,1.073,0.433,0.249
17,,0.097,0.057,0.042,0.029,0.042,0.042,4.982,10.081,4.561,0.985,0.433,0.249
18,,0.097,0.057,0.042,0.029,0.748,0.076,1.261,8.249,6.128,0.985,0.382,0.249
19,,0.097,0.057,0.042,0.042,0.148,0.076,3.601,6.128,3.969,0.985,0.382,0.249
20,,0.097,0.042,0.042,0.042,0.121,0.121,65.939,14.389,3.783,0.985,0.382,0.249
21,,0.097,0.042,0.042,0.042,0.057,0.548,30.982,17.757,4.769,0.902,0.382,0.249
22,,0.097,0.042,0.029,0.029,0.029,1.807,52.616,7.143,3.969,0.823,0.334,0.249
23,,0.097,0.042,0.029,0.029,0.029,0.823,25.736,22.545,3.424,0.823,0.334,0.249
24,,0.097,0.042,0.029,0.029,0.029,0.334,8.249,26.854,3.253,0.748,0.334,0.212
25,,0.097,0.042,0.029,0.019,0.019,0.178,6.624,6.624,3.253,0.677,0.334,0.212
26,,0.097,0.029,0.042,0.019,0.019,0.121,8.249,21.535,2.768,0.677,0.334,0.178
27,,0.097,0.029,0.042,0.019,0.019,0.121,10.738,16.446,2.617,0.677,0.334,0.178
28,,0.097,0.029,0.042,0.019,0.019,0.148,7.143,7.964,7.143,0.61,0.334,0.178
29,,0.097,         ,0.042,0.029,0.019,10.081,2.617,6.881,4.359,0.61,0.334,0.178
30,,0.097,         ,0.042,0.029,0.029,2.925,6.624,7.964,2.191,0.61,0.334,0.178
31,,0.097,         ,0.042,         ,0.029,         ,30.982,7.685,         ,0.548,         ,0.178
,,,,,,,,,,,,,
Mean,,0.121,0.058,0.033,0.028,0.114,0.604,11.052,13.822,7.357,1.172,0.419,0.257
Flow (MCM),,0.325,0.139,0.09,0.072,0.304,1.566,29.601,37.022,19.071,3.14,1.086,0.689
Maximum,,0.148,0.097,0.042,0.042,1.164,10.081,65.939,38.16,22.037,2.191,0.548,0.334
Minimum,,0.097,0.029,0.019,0.019,0.019,0.019,0.985,3.601,2.191,0.548,0.334,0.178
Runoff (mm),,0.704,0.302,0.194,0.156,0.658,3.39,64.072,80.133,41.278,6.796,2.351,1.492
,,,,,,,,,,,,,
Flow (cumecs),,,,,,,,,,,,,
,,,,,,,,,,,,,
Annual Statistics,,,,,,,,,,,,,
,,,,,,,,,,,,,
Maximum : 65.939,Minimum : 0.019,Mean : 2.920,cumecs,,,,,,,,,,
Total : 92.080 MCM,Runoff : 199.308 mm,,,,,,,,,,,,
Possible data flags,,,,,,,,,,,,,
,,,,,,,,,,,,,
"No data stored ""-""","Estimated values ""e""",,,,,,,,,,,,
,,,,,,,,,,,,,
,,,,,,,,,,,,,
nile,,,,,,,,,,,,,
Annual Report of Daily Data: INSTANTANEOUS DAILY FLOW,,,,,,,,,,,,,
,,,,,,,,,,,,,
Station Number : 111007         ,Year: 1991,,,,,,,,,,,,
Station Name : MEGECH NR.AZEZO,,,,,,,,,,,,,
Time-Series Type : Flow (cumecs),,,,,,,,,,,,,
,,,,,,,,,,,,,
Latitude : 12:29: 0 N ,Longitude : 37:27: 0 E ,Area : 462.0 sq km,,,,,,,,,,,
,,,,,,,,,,,,,
,,Jan  ,Feb  ,Mar  ,Apr  ,May  ,Jun  ,Jul  ,Aug  ,Sep  ,Oct  ,Nov  ,Dec  
,,,,,,,,,,,,,
1,,0.178,0.097,0.148,0.076,0.057,0.076,1.466,4.161,4.769,1.575,1.807,0.178
2,,0.178,0.097,0.148,0.076,0.057,0.076,7.143,3.253,6.128,1.575,0.548,0.178
3,,0.178,0.097,0.148,0.076,0.057,0.121,12.855,4.161,5.653,10.738,0.823,0.178
4,,0.178,0.097,0.121,0.076,0.057,0.121,2.47,3.783,5.2,2.47,0.677,0.178
5,,0.178,0.097,0.121,0.076,0.057,0.097,1.466,2.925,4.769,1.575,0.548,0.178
6,,0.178,0.097,0.121,0.076,0.057,0.076,2.925,5.888,4.359,1.689,0.488,0.178
7,,0.178,0.097,0.121,0.076,0.057,9.447,8.54,6.128,3.969,1.575,0.488,0.178
8,,0.148,0.097,0.076,0.076,0.61,6.624,6.881,8.54,4.359,1.361,0.433,0.178
9,,0.148,0.097,0.121,0.097,0.433,0.334,5.888,14.389,4.769,1.807,0.433,0.178
10,,0.148,0.097,0.121,0.097,0.178,0.178,3.601,135.775,4.359,1.164,0.823,0.178
11,,0.148,0.097,0.121,0.121,0.148,1.361,2.328,13.61,4.161,1.361,0.548,0.178
12,,0.148,0.097,0.121,0.121,0.148,1.361,2.328,17.757,3.969,1.164,0.433,0.178
13,,0.148,0.097,0.121,0.097,0.076,1.164,3.969,21.04,3.969,0.985,0.382,0.148
14,,0.148,0.076,0.121,0.076,0.057,1.261,6.624,11.42,3.601,0.902,0.334,0.148
15,,0.148,0.076,0.121,0.076,0.042,1.466,3.783,34.138,2.925,0.823,0.334,-   
16,,0.148,0.076,0.121,0.042,0.042,1.073,3.601,67.846,2.925,0.823,0.29,-   
17,,0.148,0.076,0.121,0.029,0.042,0.548,1.807,18.662,2.617,0.748,0.29,-   
18,,0.121,0.076,0.121,0.249,0.042,0.212,2.617,14.389,2.328,0.748,0.249,-   
19,,0.121,0.076,0.121,2.328,0.042,0.249,2.058,14.788,2.328,0.823,0.249,-   
20,,0.121,0.076,0.121,1.164,0.057,0.334,1.931,50.969,3.253,0.823,0.29,-   
21,,0.121,0.076,0.121,0.548,0.057,0.548,2.768,20.551,2.328,0.748,0.249,-   
22,,0.097,0.076,0.121,0.334,0.057,0.249,2.328,9.139,21.535,0.677,0.249,-   
23,,0.097,0.076,0.121,0.121,0.097,0.548,2.328,37.472,4.161,0.748,0.249,-   
24,,0.097,0.076,0.121,0.097,0.076,2.058,5.653,12.125,3.253,0.677,0.212,-   
25,,0.097,0.121,0.121,0.097,0.076,1.164,2.617,10.081,3.969,0.677,0.212,-   
26,,0.097,0.121,0.097,0.076,0.076,2.925,2.058,11.42,2.617,0.677,0.212,-   
27,,0.097,0.148,0.097,0.076,0.076,1.361,8.54,9.139,2.328,0.677,0.212,-   
28,,0.097,0.148,0.097,0.057,0.076,1.164,5.424,7.685,2.058,0.61,0.212,-   
29,,0.097,         ,0.097,0.057,0.076,0.334,4.359,6.624,1.807,0.548,0.212,-   
30,,0.097,         ,0.097,0.057,0.076,48.554,13.996,6.128,1.689,0.548,0.212,-   
31,,0.097,         ,0.076,         ,0.076,         ,3.969,6.128,         ,0.488,         ,-   
,,,,,,,,,,,,,
Mean,,0.135,0.094,0.117,0.221,0.101,2.836,4.462,19.036,4.205,1.349,0.423,-     
Flow (MCM),,0.361,0.227,0.312,0.572,0.271,7.351,11.951,50.986,10.9,3.612,1.097,-     
Maximum,,0.178,0.148,0.148,2.328,0.61,48.554,13.996,135.775,21.535,10.738,1.807,-     
Minimum,,0.097,0.076,0.076,0.029,0.042,0.076,1.466,2.925,1.689,0.488,0.212,-     
Runoff (mm),,0.781,0.491,0.676,1.238,0.586,15.911,25.868,110.358,23.592,7.819,2.375,-     
,,,,,,,,,,,,,
Flow (cumecs),,,,,,,,,,,,,
,,,,,,,,,,,,,
Annual Statistics,,,,,,,,,,,,,
,,,,,,,,,,,,,
Maximum : -   ,Minimum : -   ,Mean : -   ,cumecs,,,,,,,,,,
Total : -   ,Runoff : -    mm,,,,,,,,,,,,
Possible data flags,,,,,,,,,,,,,
,,,,,,,,,,,,,
"No data stored ""-""","Estimated values ""e""",,,,,,,,,,,,
,,,,,,,,,,,,,
,,,,,,,,,,,,,
nile,,,,,,,,,,,,,
Annual Report of Daily Data: INSTANTANEOUS DAILY FLOW,,,,,,,,,,,,,
,,,,,,,,,,,,,
Station Number : 111007         ,Year: 1992,,,,,,,,,,,,
Station Name : MEGECH NR.AZEZO,,,,,,,,,,,,,
Time-Series Type : Flow (cumecs),,,,,,,,,,,,,
,,,,,,,,,,,,,
Latitude : 12:29: 0 N ,Longitude : 37:27: 0 E ,Area : 462.0 sq km,,,,,,,,,,,
,,,,,,,,,,,,,
,,Jan  ,Feb  ,Mar  ,Apr  ,May  ,Jun  ,Jul  ,Aug  ,Sep  ,Oct  ,Nov  ,Dec  
,,,,,,,,,,,,,
1,,0.121,0.076,0.042,0.029,0.178,0.148,0.748,6.624,24.646,2.328,1.575,0.823
2,,0.121,0.076,0.042,0.029,0.121,0.212,0.823,3.601,71.754,2.617,2.058,0.902
3,,0.121,0.076,0.042,0.029,0.076,0.249,3.086,3.969,15.193,2.328,2.058,0.823
4,,0.121,0.076,0.042,0.042,0.076,0.076,0.148,10.081,13.61,2.328,1.575,0.748
5,,0.121,0.076,0.042,0.042,0.057,0.548,0.488,51.789,12.855,2.058,2.058,0.823
6,,0.121,0.076,0.042,0.042,0.121,0.29,0.121,40.984,34.138,2.058,2.328,0.823
7,,0.121,0.076,0.042,0.042,0.076,0.148,0.433,38.855,96.695,2.058,1.807,1.164
8,,0.121,0.076,0.042,0.042,0.097,0.148,2.191,26.854,24.646,2.328,1.575,0.823
9,,0.121,0.076,0.042,0.042,0.121,0.212,0.334,8.836,18.206,1.807,1.575,0.823
10,,0.121,0.076,0.042,0.057,0.985,0.121,2.191,7.143,34.138,2.058,1.575,0.748
11,,0.121,0.076,0.042,0.057,1.164,0.057,2.191,14.389,15.193,2.328,1.361,0.677
12,,0.121,0.076,0.042,0.057,1.807,0.057,5.653,10.738,15.604,2.191,1.807,0.677
13,,0.121,0.076,0.029,0.057,0.677,0.057,8.836,10.407,9.447,1.807,1.575,0.677
14,,0.121,0.076,0.029,0.057,0.29,0.042,9.139,22.545,9.139,3.783,1.361,0.677
15,,0.097,0.076,0.029,0.057,0.178,0.029,8.54,9.447,7.143,2.617,1.361,0.61
16,,0.097,0.076,0.042,0.057,0.148,0.148,9.447,9.447,6.128,2.617,1.164,0.61
17,,0.097,0.057,0.076,0.076,0.178,2.768,7.143,12.855,6.624,4.359,1.164,0.548
18,,0.097,0.057,1.466,3.601,0.178,0.29,6.373,42.439,5.653,5.2,1.073,0.548
19,,0.097,0.057,0.29,0.677,0.121,0.29,5.888,18.662,5.653,3.086,0.985,0.548
20,,0.097,0.042,0.097,0.249,0.178,0.249,4.982,69.784,6.128,2.768,0.985,-   
21,,0.097,0.042,0.042,0.121,0.29,0.212,3.253,15.193,4.359,2.328,0.902,-   
22,,0.097,0.042,0.042,0.178,0.076,0.382,3.424,12.487,3.969,3.969,0.902,-   
23,,0.097,0.042,0.042,0.433,0.097,0.29,2.925,11.076,3.601,2.925,0.823,-   
24,,0.097,0.042,0.042,0.985,0.121,0.249,15.193,16.877,3.424,2.925,0.823,-   
25,,0.076,0.042,0.042,0.334,0.076,0.249,13.61,12.125,3.253,2.47,0.823,-   
26,,0.076,0.042,0.042,1.361,0.042,0.382,7.964,15.193,2.925,2.328,0.823,-   
27,,0.076,0.042,0.042,2.617,0.057,0.548,4.769,13.996,2.768,2.058,0.823,-   
28,,0.076,0.042,0.042,0.677,0.057,2.617,69.784,10.081,2.617,1.807,0.823,-   
29,,0.076,0.042,0.042,0.29,0.057,0.823,17.757,36.117,2.617,1.689,0.823,-   
30,,0.076,         ,0.029,0.249,0.042,0.823,5.2,22.545,2.328,1.575,0.823,-   
31,,0.076,         ,0.029,         ,0.042,         ,15.604,19.594,         ,1.575,         ,-   
,,,,,,,,,,,,,
Mean,,0.103,0.062,0.097,0.42,0.251,0.424,7.685,19.508,15.482,2.528,1.314,-     
Flow (MCM),,0.275,0.156,0.259,1.088,0.673,1.099,20.584,52.249,40.129,6.771,3.405,-     
Maximum,,0.121,0.076,1.466,3.601,1.807,2.768,69.784,69.784,96.695,5.2,2.328,-     
Minimum,,0.076,0.042,0.029,0.029,0.042,0.029,0.121,3.601,2.328,1.575,0.823,-     
Runoff (mm),,0.596,0.337,0.561,2.354,1.456,2.378,44.554,113.093,86.859,14.657,7.371,-     
,,,,,,,,,,,,,
Flow (cumecs),,,,,,,,,,,,,
,,,,,,,,,,,,,
Annual Statistics,,,,,,,,,,,,,
,,,,,,,,,,,,,
Maximum : -   ,Minimum : -   ,Mean : -   ,cumecs,,,,,,,,,,
Total : -   ,Runoff : -    mm,,,,,,,,,,,,
Possible data flags,,,,,,,,,,,,,
,,,,,,,,,,,,,
"No data stored ""-""","Estimated values ""e""",,,,,,,,,,,,
,,,,,,,,,,,,,
,,,,,,,,,,,,,
nile,,,,,,,,,,,,,
Annual Report of Daily Data: INSTANTANEOUS DAILY FLOW,,,,,,,,,,,,,
,,,,,,,,,,,,,
Station Number : 111007         ,Year: 1993,,,,,,,,,,,,
Station Name : MEGECH NR.AZEZO,,,,,,,,,,,,,
Time-Series Type : Flow (cumecs),,,,,,,,,,,,,
,,,,,,,,,,,,,
Latitude : 12:29: 0 N ,Longitude : 37:27: 0 E ,Area : 462.0 sq km,,,,,,,,,,,
,,,,,,,,,,,,,
,,Jan  ,Feb  ,Mar  ,Apr  ,May  ,Jun  ,Jul  ,Aug  ,Sep  ,Oct  ,Nov  ,Dec  
,,,,,,,,,,,,,
1,,0.433,0.334,0.178,0.382,0.178,1.575,4.359,7.685,10.081,2.925,2.058,0.433
2,,0.433,0.334,0.178,0.29,0.148,0.334,7.685,5.653,43.924,8.836,1.807,0.433
3,,0.382,0.334,0.178,0.249,0.121,0.823,2.925,15.604,77.852,7.143,1.575,0.433
4,,0.382,0.29,0.178,0.249,0.121,2.925,7.964,82.076,19.594,3.424,1.575,0.382
5,,0.382,0.29,0.178,0.249,0.121,5.2,11.77,130.124,12.125,2.925,1.575,0.382
6,,0.382,0.29,0.178,0.334,0.121,6.128,3.253,32.223,18.662,2.47,10.081,0.382
7,,0.382,0.29,0.178,0.334,0.121,11.076,1.807,35.45,16.877,2.617,1.466,0.334
8,,0.334,0.29,0.178,0.249,1.164,1.575,2.925,16.022,12.855,5.888,1.164,0.334
9,,0.334,0.29,0.212,0.249,0.382,16.022,2.058,60.403,26.854,2.328,1.164,0.334
10,,0.334,0.29,0.212,0.334,0.249,1.689,25.736,18.206,12.125,2.058,0.985,0.334
11,,0.29,0.29,0.212,0.334,0.212,0.823,6.128,14.389,34.138,2.058,0.985,0.334
12,,0.29,0.29,0.249,0.249,0.985,0.433,6.881,10.081,16.022,1.807,0.902,0.334
13,,0.29,0.29,0.334,0.249,0.488,0.488,2.328,52.616,10.407,1.575,0.823,0.29
14,,0.29,0.29,0.249,0.178,0.334,0.382,2.925,10.081,11.42,1.575,0.823,0.29
15,,0.29,0.249,0.249,0.178,0.249,0.61,2.617,9.139,7.685,1.575,0.823,0.29
16,,0.29,0.249,0.249,0.178,0.823,1.073,3.424,8.249,4.982,1.361,0.748,0.29
17,,0.29,0.249,0.249,0.212,1.361,2.617,20.069,22.545,6.624,1.164,0.748,0.29
18,,0.29,0.212,0.212,0.29,0.433,1.575,4.561,7.143,5.653,1.164,0.748,0.334
19,,0.29,0.212,0.212,0.334,0.29,2.058,10.738,8.836,7.143,1.073,0.823,0.334
20,,0.29,0.212,0.249,0.178,0.677,13.61,2.925,12.125,4.161,0.985,0.677,0.334
21,,0.29,0.212,0.249,0.178,0.677,1.361,3.253,8.836,5.2,2.058,0.677,0.29
22,,0.29,0.178,0.334,0.178,10.081,0.61,23.582,10.738,4.359,1.361,0.677,0.249
23,,0.249,0.178,0.29,0.334,0.677,0.178,6.128,9.447,8.836,2.925,0.61,0.249
24,,0.249,0.212,0.334,0.548,0.212,1.261,9.761,25.188,5.2,28.582,0.677,0.249
25,,0.249,0.178,0.334,0.433,0.178,8.836,4.359,11.076,4.769,2.925,0.548,0.249
26,,0.249,0.178,0.433,0.548,0.249,2.617,12.125,7.143,8.54,3.601,0.548,0.249
27,,0.249,0.178,0.433,0.548,0.433,1.361,10.738,22.545,3.969,24.111,0.488,0.249
28,,0.249,0.178,0.334,0.249,0.212,1.931,38.16,22.545,4.359,6.128,0.433,0.178
29,,0.249,         ,0.249,0.249,2.058,1.931,12.487,37.472,4.359,4.359,0.433,0.178
30,,0.29,         ,0.249,0.178,0.382,12.125,12.487,15.193,6.881,2.925,0.433,0.178
31,,0.29,         ,0.249,         ,1.164,         ,10.407,22.037,         ,2.328,         ,0.178
,,,,,,,,,,,,,
Mean,,0.309,0.253,0.252,0.292,0.803,3.441,8.921,24.222,13.855,4.395,1.236,0.303
Flow (MCM),,0.828,0.611,0.675,0.756,2.152,8.919,23.895,64.875,35.913,11.772,3.204,0.812
Maximum,,0.433,0.334,0.433,0.548,10.081,16.022,38.16,130.124,77.852,28.582,10.081,0.433
Minimum,,0.249,0.178,0.178,0.178,0.121,0.178,1.807,5.653,3.969,0.985,0.433,0.178
Runoff (mm),,1.792,1.322,1.46,1.636,4.658,19.305,51.721,140.423,77.733,25.481,6.934,1.758
,,,,,,,,,,,,,
Flow (cumecs),,,,,,,,,,,,,
,,,,,,,,,,,,,
Annual Statistics,,,,,,,,,,,,,
,,,,,,,,,,,,,
Maximum : 130.124,Minimum : 0.121,Mean : 4.857,cumecs,,,,,,,,,,
Total : 153.166 MCM,Runoff : 331.528 mm,,,,,,,,,,,,
Possible data flags,,,,,,,,,,,,,
,,,,,,,,,,,,,
"No data stored ""-""","Estimated values ""e""",,,,,,,,,,,,
,,,,,,,,,,,,,
,,,,,,,,,,,,,
nile,,,,,,,,,,,,,
Annual Report of Daily Data: INSTANTANEOUS DAILY FLOW,,,,,,,,,,,,,
,,,,,,,,,,,,,
Station Number : 111007         ,Year: 1994,,,,,,,,,,,,
Station Name : MEGECH NR.AZEZO,,,,,,,,,,,,,
Time-Series Type : Flow (cumecs),,,,,,,,,,,,,
,,,,,,,,,,,,,
Latitude : 12:29: 0 N ,Longitude : 37:27: 0 E ,Area : 462.0 sq km,,,,,,,,,,,
,,,,,,,,,,,,,
,,Jan  ,Feb  ,Mar  ,Apr  ,May  ,Jun  ,Jul  ,Aug  ,Sep  ,Oct  ,Nov  ,Dec  
,,,,,,,,,,,,,
1,,0.424,0.196,0.162,0.061,0.044,0.234,1.871,29.583,25.557,2.725,1.096,0.609
2,,0.371,0.196,0.162,0.061,0.162,0.162,1.626,45.946,21.356,2.57,1.004,0.609
3,,0.371,0.196,0.162,0.061,0.162,0.162,3.395,37.947,26.112,2.42,1.004,0.609
4,,0.371,0.196,0.162,0.081,0.162,4.558,13.035,40.757,30.794,2.42,1.004,0.544
5,,0.371,0.196,0.162,0.081,0.162,0.482,3.953,18.023,25.557,2.42,1.004,0.544
6,,0.371,0.196,0.132,0.081,0.132,9.557,9.557,21.356,35.913,2.275,1.004,0.544
7,,0.371,0.196,0.132,0.061,0.754,1.004,11.571,40.757,19.889,0.321,0.916,0.544
8,,0.371,0.162,0.105,0.061,0.68,0.544,12.66,15.835,15.835,0.321,0.833,0.544
9,,0.371,0.162,0.105,0.061,0.371,0.482,18.023,17.573,18.48,2.136,0.833,0.68
10,,0.371,0.162,0.105,0.105,0.234,3.049,6.67,46.716,20.86,2.001,0.833,0.68
11,,0.371,0.162,0.105,0.061,0.234,0.544,6.933,20.371,18.48,1.871,0.833,0.544
12,,0.371,0.162,0.081,0.061,0.234,0.321,11.22,41.477,11.22,1.746,0.833,0.544
13,,0.371,0.132,0.081,0.061,0.207,9.877,9.242,92.363,9.242,1.626,0.833,0.544
14,,0.371,0.132,0.081,0.105,0.162,1.294,17.573,53.135,8.041,1.4,0.754,0.544
15,,0.371,0.132,0.081,0.321,2.725,0.68,5.212,50.674,11.928,1.4,2.136,0.482
16,,0.321,0.132,0.081,0.196,0.754,1.51,4.558,21.356,7.475,1.4,1.004,0.482
17,,0.321,0.132,0.081,0.105,0.371,1.4,6.413,16.691,6.933,1.4,0.833,0.424
18,,0.321,0.132,0.081,0.105,0.234,0.609,4.558,24.467,5.916,1.626,0.833,0.424
19,,0.321,0.132,0.081,0.105,0.321,2.001,5.212,58.255,10.204,1.626,0.833,0.424
20,,0.321,0.132,0.081,0.105,0.172,0.544,16.26,26.674,6.162,1.4,0.833,0.424
21,,0.321,0.132,0.061,0.081,0.162,0.754,9.557,18.023,5.212,1.294,0.754,0.424
22,,0.321,0.132,0.061,0.081,0.105,1.51,12.291,22.367,4.989,1.192,0.754,0.371
23,,0.276,0.132,0.061,0.09,0.544,1.4,5.916,18.48,4.989,1.192,0.754,0.371
24,,0.276,0.132,0.061,0.081,1.294,3.395,23.404,136.884,4.351,1.192,0.754,0.371
25,,0.234,0.132,0.061,0.061,0.276,6.413,13.416,41.477,4.149,1.096,0.754,0.321
26,,0.234,0.132,0.061,0.061,0.196,6.413,39.338,40.757,3.761,1.096,0.68,0.321
27,,0.234,0.132,0.061,0.061,0.162,2.725,18.023,21.356,3.395,1.096,0.68,0.321
28,,0.234,0.162,0.061,0.044,0.162,9.877,11.571,20.86,3.22,1.096,0.68,0.321
29,,0.234,         ,0.061,0.044,0.105,2.42,21.356,108.999,2.884,1.096,0.68,0.321
30,,0.234,         ,0.061,0.044,0.321,1.871,13.035,44.428,2.725,1.004,0.609,0.321
31,,0.196,         ,0.061,         ,0.321,         ,25.557,45.183,         ,1.004,         ,0.321
,,,,,,,,,,,,,
Mean,,0.323,0.154,0.093,0.086,0.385,2.526,11.71,39.96,12.521,1.531,0.878,0.469
Flow (MCM),,0.866,0.373,0.25,0.223,1.03,6.548,31.364,107.03,32.454,4.1,2.276,1.255
Maximum,,0.424,0.196,0.162,0.321,2.725,9.877,39.338,136.884,35.913,2.725,2.136,0.68
Minimum,,0.196,0.132,0.061,0.044,0.044,0.162,1.626,15.835,2.725,0.321,0.609,0.321
Runoff (mm),,1.874,0.808,0.54,0.483,2.23,14.174,67.887,231.666,70.247,8.875,4.927,2.717
,,,,,,,,,,,,,
Flow (cumecs),,,,,,,,,,,,,
,,,,,,,,,,,,,
Annual Statistics,,,,,,,,,,,,,
,,,,,,,,,,,,,
Maximum : 136.884,Minimum : 0.044,Mean : 5.886,cumecs,,,,,,,,,,
Total : 185.634 MCM,Runoff : 401.805 mm,,,,,,,,,,,,
Possible data flags,,,,,,,,,,,,,
,,,,,,,,,,,,,
"No data stored ""-""","Estimated values ""e""",,,,,,,,,,,,
,,,,,,,,,,,,,
,,,,,,,,,,,,,
nile,,,,,,,,,,,,,
Annual Report of Daily Data: INSTANTANEOUS DAILY FLOW,,,,,,,,,,,,,
,,,,,,,,,,,,,
Station Number : 111007         ,Year: 1995,,,,,,,,,,,,
Station Name : MEGECH NR.AZEZO,,,,,,,,,,,,,
Time-Series Type : Flow (cumecs),,,,,,,,,,,,,
,,,,,,,,,,,,,
Latitude : 12:29: 0 N ,Longitude : 37:27: 0 E ,Area : 462.0 sq km,,,,,,,,,,,
,,,,,,,,,,,,,
,,Jan  ,Feb  ,Mar  ,Apr  ,May  ,Jun  ,Jul  ,Aug  ,Sep  ,Oct  ,Nov  ,Dec  
,,,,,,,,,,,,,
1,,0.321,0.196,0.132,0.132,0.105,0.424,2.275,7.755,12.66,0.833,0.234,0.105
2,,0.321,0.196,0.132,0.105,0.276,0.234,2.42,37.262,18.48,0.754,0.234,0.081
3,,0.321,0.196,0.132,0.132,0.162,0.234,8.041,17.573,35.913,0.754,0.234,0.081
4,,0.276,0.196,0.132,0.132,3.049,0.162,3.395,115.316,7.475,0.68,0.234,0.081
5,,0.276,0.196,0.132,0.105,0.371,0.162,14.598,37.262,12.66,0.68,0.196,0.081
6,,0.276,0.196,0.132,0.105,1.004,0.196,3.22,28.399,6.162,0.609,0.196,0.081
7,,0.276,0.196,0.132,0.105,1.51,0.132,6.413,40.757,7.475,0.609,0.162,0.081
8,,0.276,0.196,0.132,0.105,0.424,1.746,4.558,36.584,7.755,0.544,0.162,0.081
9,,0.276,0.196,0.132,0.105,0.234,0.321,49.069,53.97,5.441,0.544,0.162,0.081
10,,0.276,0.162,0.105,0.105,1.192,0.234,7.201,36.584,14.198,0.544,0.162,0.061
11,,0.276,0.162,0.105,0.105,0.424,0.196,2.001,30.185,10.876,0.482,0.162,0.061
12,,0.276,0.162,0.105,0.105,1.004,0.162,10.204,12.66,4.989,0.424,0.162,0.081
13,,0.276,0.162,0.105,0.162,0.482,0.833,2.42,98.127,4.351,0.424,0.132,0.105
14,,0.276,0.162,0.105,0.132,0.321,0.371,46.716,114.037,4.149,0.371,0.162,0.162
15,,0.234,0.162,0.105,0.105,0.234,0.234,3.395,58.255,3.049,0.371,0.162,0.162
16,,0.234,0.162,0.105,0.105,0.162,0.424,8.332,53.135,8.933,0.544,0.162,0.105
17,,0.234,0.162,0.105,0.105,0.132,0.321,9.242,27.817,4.149,0.609,0.162,0.234
18,,0.234,0.162,0.162,0.105,0.105,0.321,4.771,21.356,2.42,0.544,0.132,0.132
19,,0.234,0.162,0.162,0.105,0.105,0.234,4.558,17.129,2.136,0.482,0.132,0.105
20,,0.234,0.162,0.162,0.105,0.081,9.242,30.185,13.804,1.871,0.482,0.132,0.105
21,,0.234,0.162,0.321,0.482,0.081,11.22,22.882,31.41,1.871,0.424,0.132,0.105
22,,0.234,0.162,0.276,0.424,0.105,4.149,9.242,274.802,1.626,0.424,0.132,0.081
23,,0.234,0.162,0.196,0.321,0.105,11.928,6.67,35.249,1.4,0.371,0.132,0.081
24,,0.234,0.162,0.321,0.234,0.081,6.162,7.755,29.583,1.4,0.321,0.132,0.081
25,,0.234,0.162,0.276,0.162,0.081,3.761,11.928,15.004,11.22,0.276,0.132,0.061
26,,0.234,0.162,0.196,0.132,2.42,3.395,20.371,13.416,0.68,0.234,0.132,0.061
27,,0.196,0.132,0.162,0.105,4.558,6.413,15.004,15.835,1.004,0.234,0.105,0.061
28,,0.196,0.132,0.162,0.105,0.424,26.674,23.932,38.639,0.916,0.234,0.105,0.061
29,,0.196,         ,0.132,0.081,6.413,10.204,13.035,19.413,0.916,0.234,0.105,0.061
30,,0.196,         ,0.132,0.105,2.136,4.771,5.676,18.48,0.833,0.234,0.105,0.061
31,,0.196,         ,0.132,         ,1.004,         ,13.035,9.242,         ,0.234,         ,0.061
,,,,,,,,,,,,,
Mean,,0.251,0.171,0.155,0.147,0.929,3.495,12.018,43.84,6.567,0.468,0.156,0.091
Flow (MCM),,0.673,0.414,0.416,0.381,2.487,9.06,32.188,117.421,17.021,1.253,0.405,0.245
Maximum,,0.321,0.196,0.321,0.482,6.413,26.674,49.069,274.802,35.913,0.833,0.234,0.234
Minimum,,0.196,0.132,0.105,0.081,0.081,0.132,2.001,7.755,0.68,0.234,0.105,0.061
Runoff (mm),,1.457,0.895,0.9,0.824,5.383,19.611,69.671,254.158,36.843,2.713,0.876,0.53
,,,,,,,,,,,,,
Flow (cumecs),,,,,,,,,,,,,
,,,,,,,,,,,,,
Annual Statistics,,,,,,,,,,,,,
,,,,,,,,,,,,,
Maximum : 274.802,Minimum : 0.061,Mean : 5.691,cumecs,,,,,,,,,,
Total : 179.462 MCM,Runoff : 388.446 mm,,,,,,,,,,,,
Possible data flags,,,,,,,,,,,,,
,,,,,,,,,,,,,
"No data stored ""-""","Estimated values ""e""",,,,,,,,,,,,
,,,,,,,,,,,,,
,,,,,,,,,,,,,
nile,,,,,,,,,,,,,
Annual Report of Daily Data: INSTANTANEOUS DAILY FLOW,,,,,,,,,,,,,
,,,,,,,,,,,,,
Station Number : 111007         ,Year: 1996,,,,,,,,,,,,
Station Name : MEGECH NR.AZEZO,,,,,,,,,,,,,
Time-Series Type : Flow (cumecs),,,,,,,,,,,,,
,,,,,,,,,,,,,
Latitude : 12:29: 0 N ,Longitude : 37:27: 0 E ,Area : 462.0 sq km,,,,,,,,,,,
,,,,,,,,,,,,,
,,Jan  ,Feb  ,Mar  ,Apr  ,May  ,Jun  ,Jul  ,Aug  ,Sep  ,Oct  ,Nov  ,Dec  
,,,,,,,,,,,,,
1,,0.044,0.019,0.01,0.005,0.061,7.07,15.773,21.275,14.038,2.334,0.945,0.751
2,,0.044,0.019,0.01,0.01,0.03,14.375,3.839,35.282,55.816,2.334,0.945,0.692
3,,0.044,0.019,0.01,0.03,0.03,2.106,2.964,37.626,13.705,3.1,0.878,0.636
4,,0.044,0.019,0.01,0.234,0.019,4.497,2.575,11.208,12.42,7.527,0.878,0.636
5,,0.044,0.019,0.01,0.061,0.01,3.684,3.241,26.773,11.208,2.453,0.878,0.636
6,,0.044,0.019,0.01,0.044,0.01,6.629,8.001,20.43,13.053,5.406,0.878,0.583
7,,0.03,0.019,0.01,0.03,0.01,7.296,7.296,14.375,8.492,3.997,0.878,0.532
8,,0.03,0.019,0.01,0.01,0.544,5.999,4.671,18.404,7.296,3.997,0.878,0.532
9,,0.03,0.019,0.01,0.01,0.132,22.58,3.684,39.442,6.629,2.334,0.813,0.532
10,,0.03,0.019,0.01,0.005,0.105,12.42,21.705,19.604,10.069,2.106,0.751,0.484
11,,0.03,0.01,0.01,0.01,0.061,67.773,12.11,83.946,5.999,1.892,0.751,0.484
12,,0.03,0.01,0.005,0.005,0.061,6.847,40.681,43.876,6.205,1.892,0.751,0.438
13,,0.03,0.01,0.005,0.001,0.044,2.831,21.275,43.226,5.406,1.691,0.692,0.438
14,,0.03,0.01,0.007,0.001,0.03,2.453,48.589,14.718,6.629,1.503,0.692,0.532
15,,0.03,0.01,0.005,0.001,0.019,4.16,10.629,29.285,4.497,1.503,0.692,0.532
16,,0.03,0.01,0.01,0.001,0.196,4.326,9.526,35.282,4.16,1.503,1.089,0.484
17,,0.03,0.01,0.001,0.001,0.68,3.839,7.762,20.85,3.997,1.414,1.016,0.484
18,,0.03,0.01,0.001,0.001,4.989,5.031,8.001,24.858,3.684,1.414,1.691,0.484
19,,0.019,0.01,0.001,0.001,1.192,40.059,7.07,35.86,3.997,1.414,1.503,0.438
20,,0.019,0.01,0.001,0.001,1.096,9.526,6.415,47.214,3.532,1.414,1.166,0.438
21,,0.019,0.01,0.001,0.001,0.234,20.014,27.265,37.626,3.684,1.328,1.016,0.438
22,,0.019,0.01,0.005,0.005,0.105,25.805,10.069,23.026,3.385,1.328,1.016,0.396
23,,0.019,0.01,0.061,0.005,0.105,8.492,6.415,67.773,3.385,1.328,0.878,0.396
24,,0.019,0.01,0.019,0.162,5.441,4.671,11.208,32.475,3.1,1.246,0.945,0.396
25,,0.019,0.01,0.03,1.192,0.544,3.997,7.296,23.476,3.1,1.166,0.878,0.355
26,,0.019,0.01,0.03,1.626,0.424,10.347,5.798,21.275,2.831,1.089,0.945,0.355
27,,0.019,0.03,0.03,1.871,0.162,15.065,7.07,59.651,5.798,1.016,1.016,0.355
28,,0.019,0.019,0.01,0.196,0.105,10.347,8.001,18.799,3.1,1.016,2.106,0.355
29,,0.019,0.019,0.01,0.162,29.583,4.671,26.773,14.375,2.831,1.016,1.246,0.355
30,,0.03,         ,0.01,0.132,0.234,9,27.762,59.651,2.575,1.016,0.751,0.355
31,,0.03,         ,0.01,         ,0.061,         ,89.792,48.589,         ,0.945,         ,0.355
,,,,,,,,,,,,,
Mean,,0.028,0.014,0.012,0.194,1.494,11.53,15.266,33.234,7.821,2.056,0.985,0.48
Flow (MCM),,0.076,0.036,0.032,0.503,4.001,29.887,40.889,89.014,20.271,5.506,2.554,1.286
Maximum,,0.044,0.03,0.061,1.871,29.583,67.773,89.792,83.946,55.816,7.527,2.106,0.751
Minimum,,0.019,0.01,0.001,0.001,0.01,2.106,2.575,11.208,2.575,0.945,0.692,0.355
Runoff (mm),,0.165,0.078,0.068,1.088,8.661,64.689,88.505,192.67,43.877,11.917,5.528,2.783
,,,,,,,,,,,,,
Flow (cumecs),,,,,,,,,,,,,
,,,,,,,,,,,,,
Annual Statistics,,,,,,,,,,,,,
,,,,,,,,,,,,,
Maximum : 89.792,Minimum : 0.001,Mean : 6.093,cumecs,,,,,,,,,,
Total : 192.671 MCM,Runoff : 417.038 mm,,,,,,,,,,,,
Possible data flags,,,,,,,,,,,,,
,,,,,,,,,,,,,
"No data stored ""-""","Estimated values ""e""",,,,,,,,,,,,
,,,,,,,,,,,,,
,,,,,,,,,,,,,
nile,,,,,,,,,,,,,
Annual Report of Daily Data: INSTANTANEOUS DAILY FLOW,,,,,,,,,,,,,
,,,,,,,,,,,,,
Station Number : 111007         ,Year: 1997,,,,,,,,,,,,
Station Name : MEGECH NR.AZEZO,,,,,,,,,,,,,
Time-Series Type : Flow (cumecs),,,,,,,,,,,,,
,,,,,,,,,,,,,
Latitude : 12:29: 0 N ,Longitude : 37:27: 0 E ,Area : 462.0 sq km,,,,,,,,,,,
,,,,,,,,,,,,,
,,Jan  ,Feb  ,Mar  ,Apr  ,May  ,Jun  ,Jul  ,Aug  ,Sep  ,Oct  ,Nov  ,Dec  
,,,,,,,,,,,,,
1,,0.355,0.219,0.165,0.141,0.165,0.396,3.684,8.001,8.001,1.691,2.334,1.246
2,,0.318,0.219,0.165,0.141,0.165,5.406,13.053,7.527,6.847,1.691,2.106,0.813
3,,0.282,0.219,0.165,0.119,0.355,0.532,3.839,15.065,8.001,1.691,2.106,0.751
4,,0.282,0.219,0.165,0.119,0.165,0.329,7.527,28.265,8.001,1.503,2.334,0.751
5,,0.282,0.219,0.165,0.119,0.191,0.751,35.86,9,13.053,1.328,2.106,0.692
6,,0.318,0.219,0.165,0.141,0.318,0.438,5.999,29.285,10.069,1.246,1.997,0.636
7,,0.318,0.219,0.165,0.165,0.532,0.355,100.05,10.629,6.629,1.166,1.892,0.636
8,,0.282,0.219,0.165,0.355,0.438,1.691,7.07,9.526,5.6,2.831,1.503,0.532
9,,0.282,0.219,0.165,0.219,0.532,20.43,13.377,28.265,4.849,3.839,1.691,0.593
10,,0.318,0.191,0.165,0.165,7.527,2.106,8.001,13.705,4.497,2.701,1.166,0.532
11,,0.355,0.191,0.165,0.165,0.878,0.751,25.805,12.42,4.326,1.596,1.414,0.532
12,,0.355,0.191,0.165,0.165,0.751,0.751,14.375,13.705,4.326,1.246,2.106,0.484
13,,0.355,0.191,0.396,0.141,2.831,0.692,29.285,12.734,3.997,1.089,2.106,0.438
14,,0.318,0.191,0.355,0.165,0.945,1.328,26.287,16.501,3.684,1.016,2.334,0.438
15,,0.318,0.191,0.282,0.165,0.396,1.016,38.831,13.705,3.385,1.328,1.892,0.438
16,,0.318,0.191,0.318,0.219,1.596,0.636,18.799,20.014,3.1,1.691,1.691,0.438
17,,0.318,0.191,0.219,0.165,0.532,0.945,11.208,34.143,2.831,1.328,1.503,0.396
18,,0.318,0.191,0.219,0.165,0.751,0.636,20.014,29.285,2.575,2.106,1.328,0.438
19,,0.318,0.191,0.191,0.318,0.583,2.106,25.805,18.013,2.575,8.001,1.246,0.438
20,,0.318,0.191,0.191,0.484,1.892,1.892,45.194,22.14,2.334,7.527,1.246,0.355
21,,0.318,0.191,0.191,0.438,1.089,13.053,27.762,48.589,2.218,4.671,1.328,0.318
22,,0.318,0.191,0.191,0.219,2.334,42.581,38.831,45.862,2.218,4.671,1.166,0.396
23,,0.282,0.191,0.165,0.165,0.878,1.892,11.805,15.773,2.106,3.997,1.089,0.355
24,,0.282,0.165,0.165,0.141,0.438,3.1,13.053,18.799,2.106,4.671,1.016,0.355
25,,0.25,0.165,0.165,0.141,0.396,1.328,31.39,11.805,2.106,5.406,1.166,0.191
26,,0.25,0.165,0.165,0.141,3.684,11.504,20.85,45.194,1.892,5.216,1.016,0.355
27,,0.25,0.165,0.165,0.165,0.532,1.892,13.053,16.134,1.997,3.385,0.878,0.438
28,,0.25,0.165,0.141,0.165,0.318,56.571,28.772,12.42,1.892,2.575,1.016,0.484
29,,0.25,         ,0.141,0.165,0.751,3.385,27.762,11.208,1.79,2.334,1.328,0.484
30,,0.219,         ,0.141,0.191,0.438,1.79,29.285,12.11,1.892,3.1,1.503,0.438
31,,0.219,         ,0.141,         ,1.016,         ,10.069,9.526,         ,2.701,         ,0.396
,,,,,,,,,,,,,
Mean,,0.297,0.195,0.191,0.192,1.078,6.009,22.797,19.334,4.297,2.882,1.587,0.509
Flow (MCM),,0.796,0.472,0.512,0.498,2.887,15.577,61.059,51.784,11.137,7.719,4.113,1.364
Maximum,,0.355,0.219,0.396,0.484,7.527,56.571,100.05,48.589,13.053,8.001,2.334,1.246
Minimum,,0.219,0.165,0.141,0.119,0.165,0.329,3.684,7.527,1.79,1.016,0.878,0.191
Runoff (mm),,1.723,1.023,1.107,1.079,6.249,33.715,132.161,112.086,24.105,16.708,8.903,2.953
,,,,,,,,,,,,,
Flow (cumecs),,,,,,,,,,,,,
,,,,,,,,,,,,,
Annual Statistics,,,,,,,,,,,,,
,,,,,,,,,,,,,
Maximum : 100.050,Minimum : 0.119,Mean : 4.947,cumecs,,,,,,,,,,
Total : 156.020 MCM,Runoff : 337.706 mm,,,,,,,,,,,,
Possible data flags,,,,,,,,,,,,,
,,,,,,,,,,,,,
"No data stored ""-""","Estimated values ""e""",,,,,,,,,,,,
,,,,,,,,,,,,,
,,,,,,,,,,,,,
nile,,,,,,,,,,,,,
Annual Report of Daily Data: INSTANTANEOUS DAILY FLOW,,,,,,,,,,,,,
,,,,,,,,,,,,,
Station Number : 111007         ,Year: 1998,,,,,,,,,,,,
Station Name : MEGECH NR.AZEZO,,,,,,,,,,,,,
Time-Series Type : Flow (cumecs),,,,,,,,,,,,,
,,,,,,,,,,,,,
Latitude : 12:29: 0 N ,Longitude : 37:27: 0 E ,Area : 462.0 sq km,,,,,,,,,,,
,,,,,,,,,,,,,
,,Jan  ,Feb  ,Mar  ,Apr  ,May  ,Jun  ,Jul  ,Aug  ,Sep  ,Oct  ,Nov  ,Dec  
,,,,,,,,,,,,,
1,,0.438,0.119,0.165,0.219,0.219,0.141,4.16,19.604,27.762,1.166,3.997,2.106
2,,0.396,0.119,0.165,0.282,0.438,1.503,7.296,16.501,18.799,1.503,3.684,2.106
3,,0.355,0.119,0.165,0.282,0.484,1.089,1.596,34.71,36.443,1.246,3.385,2.106
4,,0.355,0.119,0.165,0.25,0.25,0.282,11.504,127.367,28.772,0.945,2.575,2.106
5,,0.318,0.141,0.165,0.25,0.282,0.219,7.762,83.946,11.208,0.751,2.106,2.106
6,,0.282,0.141,0.165,0.219,0.25,0.219,5.999,147.754,30.856,6.205,1.691,2.106
7,,0.25,0.141,0.165,0.219,0.219,0.219,2.106,155.86,21.705,5.798,1.166,2.106
8,,0.219,0.141,0.165,0.191,0.219,0.219,1.691,78.33,20.43,5.406,0.878,2.106
9,,0.219,0.141,0.165,0.219,0.219,3.839,38.831,-   ,13.053,4.671,0.636,2.106
10,,0.191,0.141,0.191,0.219,0.219,7.762,7.527,-   ,10.629,18.404,0.484,2.106
11,,0.191,0.141,0.219,0.219,0.282,1.691,5.406,-   ,19.199,18.013,0.355,2.106
12,,0.191,0.119,0.25,0.165,0.318,0.438,9,-   ,20.43,6.847,0.282,1.997
13,,0.191,0.119,0.25,0.165,0.813,1.79,8.001,-   ,18.013,6.205,0.219,1.997
14,,0.165,0.141,0.282,0.165,3.839,5.798,9,52.855,14.718,5.798,0.165,1.997
15,,0.165,0.165,0.219,0.165,0.484,5.216,8.001,72.063,21.275,5.406,0.119,1.997
16,,0.165,0.219,0.25,0.191,0.355,1.166,5.406,40.681,26.287,5.031,0.165,1.997
17,,0.165,0.219,0.219,0.191,0.282,0.636,7.527,33.025,19.604,4.326,0.219,1.997
18,,0.165,0.191,0.219,0.191,0.219,0.751,4.326,34.71,17.247,3.997,0.165,1.997
19,,0.165,0.219,0.219,0.191,0.219,0.532,50.696,35.282,15.417,3.385,0.141,1.997
20,,0.165,0.219,0.25,0.165,0.191,1.016,16.501,48.589,12.42,5.406,0.165,1.997
21,,0.141,0.219,0.25,0.165,0.191,1.246,9,45.194,13.705,4.326,0.191,1.997
22,,0.141,0.219,0.25,0.165,0.191,1.166,9.261,38.226,17.247,2.334,0.165,1.997
23,,0.141,0.191,0.25,0.191,0.165,1.414,15.065,41.309,12.42,1.997,0.141,1.997
24,,0.141,0.191,0.25,0.191,0.165,1.328,74.711,63.636,8.492,1.691,0.165,1.997
25,,0.165,0.191,0.25,0.191,0.165,6.205,43.876,39.442,7.527,22.58,0.165,1.997
26,,0.165,0.191,0.219,0.191,0.165,1.892,19.604,59.651,5.798,7.527,0.878,2.575
27,,0.165,0.191,0.25,0.191,0.165,1.016,76.508,33.025,4.326,6.847,2.334,1.892
28,,0.141,0.191,0.25,0.191,0.165,4.671,23.932,22.58,2.964,6.205,2.218,1.892
29,,0.141,         ,0.219,0.191,0.141,1.892,21.275,36.443,2.106,5.406,2.218,1.892
30,,0.141,         ,0.219,0.191,0.165,9.526,190.848,22.58,1.79,5.031,2.106,1.892
31,,0.119,         ,0.219,         ,0.165,         ,74.711,3.684,         ,4.671,         ,1.892
,,,,,,,,,,,,,
Mean,,0.205,0.166,0.215,0.2,0.376,2.163,24.875,-     ,16.021,5.778,1.106,2.037
Flow (MCM),,0.549,0.403,0.577,0.52,1.006,5.606,66.625,-     ,41.527,15.476,2.867,5.457
Maximum,,0.438,0.219,0.282,0.282,3.839,9.526,190.848,-     ,36.443,22.58,3.997,2.575
Minimum,,0.119,0.119,0.165,0.165,0.141,0.141,1.596,-     ,1.79,0.751,0.119,1.892
Runoff (mm),,1.188,0.872,1.248,1.125,2.178,12.134,144.211,-     ,89.886,33.499,6.205,11.812
,,,,,,,,,,,,,
Flow (cumecs),,,,,,,,,,,,,
,,,,,,,,,,,,,
Annual Statistics,,,,,,,,,,,,,
,,,,,,,,,,,,,
Maximum : -   ,Minimum : -   ,Mean : -   ,cumecs,,,,,,,,,,
Total : -   ,Runoff : -    mm,,,,,,,,,,,,
Possible data flags,,,,,,,,,,,,,
,,,,,,,,,,,,,
"No data stored ""-""","Estimated values ""e""",,,,,,,,,,,,
,,,,,,,,,,,,,
,,,,,,,,,,,,,
nile,,,,,,,,,,,,,
Annual Report of Daily Data: INSTANTANEOUS DAILY FLOW,,,,,,,,,,,,,
,,,,,,,,,,,,,
Station Number : 111007         ,Year: 1999,,,,,,,,,,,,
Station Name : MEGECH NR.AZEZO,,,,,,,,,,,,,
Time-Series Type : Flow (cumecs),,,,,,,,,,,,,
,,,,,,,,,,,,,
Latitude : 12:29: 0 N ,Longitude : 37:27: 0 E ,Area : 462.0 sq km,,,,,,,,,,,
,,,,,,,,,,,,,
,,Jan  ,Feb  ,Mar  ,Apr  ,May  ,Jun  ,Jul  ,Aug  ,Sep  ,Oct  ,Nov  ,Dec  
,,,,,,,,,,,,,
1,,1.79,1.503,1.414,1.414,1.503,1.691,4.326,8.001,63.636,6.629,7.07,4.671
2,,1.79,1.503,1.414,1.414,1.503,1.596,22.14,11.805,29.804,6.205,7.07,4.671
3,,1.79,1.503,1.414,1.414,1.503,3.1,11.805,14.718,46.535,5.031,7.07,4.671
4,,1.79,1.503,1.414,1.414,1.414,2.218,19.604,16.871,34.143,5.031,6.847,4.671
5,,1.79,1.503,1.328,1.414,1.414,2.106,4.326,8.001,22.58,7.07,6.847,4.671
6,,1.79,1.503,1.328,1.414,1.414,1.79,5.216,7.07,16.501,6.629,6.847,4.497
7,,1.79,1.503,1.328,1.414,2.106,1.691,23.026,13.377,15.417,6.629,6.629,4.671
8,,1.79,1.503,1.328,1.414,2.575,1.596,7.296,59.651,28.772,7.296,6.205,4.671
9,,1.79,1.503,1.328,1.328,1.892,1.596,4.326,22.14,23.026,7.07,5.798,4.671
10,,1.79,1.503,1.328,1.328,1.596,1.892,3.684,48.589,18.013,27.265,5.798,4.671
11,,1.79,1.503,1.328,1.328,3.532,1.596,28.772,13.377,10.347,18.013,5.216,6.629
12,,1.892,1.414,1.328,1.414,2.106,1.503,8.492,48.589,18.799,10.069,5.216,6.205
13,,1.997,1.414,1.328,1.414,2.334,2.831,5.798,45.194,8.492,8.001,5.216,4.849
14,,1.997,1.414,1.328,1.414,2.106,1.892,25.805,40.059,19.604,7.527,5.031,4.671
15,,1.892,1.414,1.328,1.414,1.691,2.575,11.805,242.301,16.134,17.247,5.031,4.671
16,,1.892,1.414,1.328,1.414,1.596,1.892,8.001,33.025,12.42,8.744,5.031,4.497
17,,1.79,1.414,1.328,1.414,1.892,1.79,7.07,28.772,11.805,8.492,5.031,4.497
18,,1.79,1.414,1.328,1.328,1.691,1.691,11.208,24.392,13.053,50.696,4.849,4.497
19,,1.892,1.414,1.414,1.414,1.503,1.79,27.762,43.876,29.285,14.038,22.14,4.497
20,,1.79,1.414,1.414,1.414,1.503,5.406,13.377,24.858,11.208,11.805,7.527,4.31
21,,1.79,1.414,1.503,1.414,1.503,2.334,9,16.501,10.069,11.208,5.406,4.497
22,,1.79,1.414,1.503,1.503,1.503,1.892,10.629,6.629,9.526,10.347,5.031,4.497
23,,1.691,1.414,1.503,1.503,1.503,2.831,9.526,15.065,8.744,9.526,4.849,4.497
24,,1.691,1.414,1.503,1.503,2.106,3.1,9.526,74.711,8.244,8.744,4.849,4.497
25,,1.691,1.414,1.414,1.503,2.575,2.106,18.799,41.942,8.001,8.244,4.849,4.326
26,,1.691,1.414,1.414,2.575,1.997,3.1,8.492,25.329,23.026,8.001,4.849,4.326
27,,1.596,1.414,1.414,1.892,2.106,13.377,8.001,23.932,7.527,8.001,4.671,4.326
28,,1.596,1.414,1.414,1.892,2.106,2.575,10.347,19.604,7.296,7.762,4.671,4.326
29,,1.596,         ,1.414,1.691,12.11,2.453,10.629,17.247,7.137,7.762,4.671,4.326
30,,1.596,         ,1.414,1.596,16.501,9.526,11.208,63.636,6.629,8.001,4.671,4.16
31,,1.596,         ,1.414,         ,13.053,         ,11.805,50.696,         ,7.527,         ,3.997
,,,,,,,,,,,,,
Mean,,1.772,1.449,1.387,1.5,3.03,2.851,11.994,35.805,18.192,10.794,6.166,4.633
Flow (MCM),,4.747,3.506,3.715,3.889,8.116,7.39,32.124,95.901,47.155,28.91,15.983,12.41
Maximum,,1.997,1.503,1.503,2.575,16.501,13.377,28.772,242.301,63.636,50.696,22.14,6.629
Minimum,,1.596,1.414,1.328,1.328,1.414,1.503,3.684,6.629,6.629,5.031,4.671,3.997
Runoff (mm),,10.275,7.589,8.041,8.418,17.568,15.996,69.532,207.577,102.066,62.576,34.594,26.861
,,,,,,,,,,,,,
Flow (cumecs),,,,,,,,,,,,,
,,,,,,,,,,,,,
Annual Statistics,,,,,,,,,,,,,
,,,,,,,,,,,,,
Maximum : 242.301,Minimum : 1.328,Mean : 8.298,cumecs,,,,,,,,,,
Total : 261.682 MCM,Runoff : 566.411 mm,,,,,,,,,,,,
Possible data flags,,,,,,,,,,,,,
,,,,,,,,,,,,,
"No data stored ""-""","Estimated values ""e""",,,,,,,,,,,,
,,,,,,,,,,,,,
,,,,,,,,,,,,,
nile,,,,,,,,,,,,,
Annual Report of Daily Data: INSTANTANEOUS DAILY FLOW,,,,,,,,,,,,,
,,,,,,,,,,,,,
Station Number : 111007         ,Year: 2000,,,,,,,,,,,,
Station Name : MEGECH NR.AZEZO,,,,,,,,,,,,,
Time-Series Type : Flow (cumecs),,,,,,,,,,,,,
,,,,,,,,,,,,,
Latitude : 12:29: 0 N ,Longitude : 37:27: 0 E ,Area : 462.0 sq km,,,,,,,,,,,
,,,,,,,,,,,,,
,,Jan  ,Feb  ,Mar  ,Apr  ,May  ,Jun  ,Jul  ,Aug  ,Sep  ,Oct  ,Nov  ,Dec  
,,,,,,,,,,,,,
1,,3.997,3.385,2.106,3.532,3.684,3.385,5.031,10.347,13.053,9.526,5.798,4.259
2,,3.997,3.385,1.997,3.385,3.532,4.497,23.932,9,31.93,9,5.031,3.997
3,,3.997,3.385,1.997,3.385,3.532,3.997,5.798,7.762,13.705,14.375,4.671,3.997
4,,3.997,3.385,1.997,3.532,3.532,4.326,5.031,23.932,20.85,9,4.671,3.997
5,,3.997,3.385,1.997,3.385,3.532,5.406,6.205,36.443,18.013,8.744,5.216,3.997
6,,3.997,3.241,1.997,3.385,3.532,4.326,6.629,14.038,19.604,8.492,5.6,3.997
7,,3.997,3.241,1.997,3.385,3.532,3.997,15.773,11.805,33.025,8.001,5.406,3.997
8,,3.997,3.1,1.997,3.385,3.532,3.839,7.527,10.069,18.799,8.001,5.216,3.839
9,,3.997,3.1,1.997,3.385,4.16,3.839,6.205,9.526,12.42,7.762,5.216,3.839
10,,3.839,3.1,1.997,3.385,4.16,6.205,9.526,34.143,11.504,11.208,5.031,3.839
11,,3.839,2.964,1.997,3.385,3.997,4.497,10.917,83.946,11.208,9,5.031,3.684
12,,3.839,2.964,1.997,3.385,3.684,6.205,19.604,72.063,10.629,8.492,5.031,3.684
13,,3.839,2.831,1.997,3.385,3.684,4.849,13.053,18.013,11.208,8.001,4.849,3.684
14,,3.839,2.701,1.997,3.385,3.532,4.326,12.42,15.773,10.347,7.296,4.849,3.684
15,,3.839,2.575,3.532,3.684,4.326,3.997,14.038,14.038,10.069,6.629,4.671,3.684
16,,3.839,2.575,3.532,3.532,3.532,3.997,6.205,10.347,9,7.762,4.497,3.684
17,,3.839,2.453,3.532,4.849,3.532,3.997,5.798,58.099,8.492,7.527,4.497,3.532
18,,3.839,2.334,3.532,5.031,3.385,3.997,9,34.143,8.492,7.762,4.497,3.532
19,,3.839,2.334,3.532,4.671,3.385,4.497,5.999,29.804,8.244,8.744,4.497,3.532
20,,3.839,2.218,3.385,5.999,3.385,10.629,7.527,23.932,8.001,11.208,4.326,3.532
21,,3.839,2.218,3.385,5.216,3.385,6.205,10.069,17.247,7.762,11.208,4.326,3.532
22,,3.839,2.218,3.385,4.671,3.385,5.6,20.43,41.309,7.527,9.795,4.326,3.532
23,,3.684,2.106,3.385,3.997,3.532,4.671,45.194,21.275,7.07,8.001,4.326,3.532
24,,3.684,2.106,3.385,3.839,3.385,7.762,12.42,66.933,8.744,7.07,4.16,3.385
25,,3.532,2.106,3.385,7.07,7.527,6.629,15.065,32.475,8.744,6.629,4.16,3.385
26,,3.532,2.106,3.684,4.671,3.997,5.798,17.247,20.43,8.744,17.247,3.997,3.385
27,,3.532,2.106,3.532,3.997,3.839,6.205,15.065,16.501,8.744,9,3.997,3.385
28,,3.532,2.106,3.532,3.997,3.839,5.798,21.275,18.013,8.744,7.527,3.997,3.241
29,,3.532,2.106,3.532,3.839,3.839,5.031,15.773,21.275,8.744,7.07,3.997,3.241
30,,3.385,         ,3.684,3.684,3.839,7.527,15.065,28.772,8.744,6.415,3.997,3.241
31,,3.385,         ,3.684,         ,3.839,         ,10.069,15.065,         ,5.999,         ,3.241
,,,,,,,,,,,,,
Mean,,3.796,2.684,2.829,4.014,3.793,5.201,12.706,26.662,12.405,8.79,4.663,3.648
Flow (MCM),,10.167,6.725,7.576,10.405,10.158,13.481,34.032,71.411,32.154,23.543,12.086,9.771
Maximum,,3.997,3.385,3.684,7.07,7.527,10.629,45.194,83.946,33.025,17.247,5.798,4.259
Minimum,,3.385,2.106,1.997,3.385,3.385,3.385,5.031,7.762,7.07,5.999,3.997,3.241
Runoff (mm),,22.007,14.555,16.398,22.521,21.988,29.181,73.662,154.569,69.598,50.959,26.16,21.149
,,,,,,,,,,,,,
Flow (cumecs),,,,,,,,,,,,,
,,,,,,,,,,,,,
Annual Statistics,,,,,,,,,,,,,
,,,,,,,,,,,,,
Maximum : 83.946,Minimum : 1.997,Mean : 7.599,cumecs,,,,,,,,,,
Total : 240.305 MCM,Runoff : 520.140 mm,,,,,,,,,,,,
Possible data flags,,,,,,,,,,,,,
,,,,,,,,,,,,,
"No data stored ""-""","Estimated values ""e""",,,,,,,,,,,,
,,,,,,,,,,,,,
,,,,,,,,,,,,,
nile,,,,,,,,,,,,,
Annual Report of Daily Data: INSTANTANEOUS DAILY FLOW,,,,,,,,,,,,,
,,,,,,,,,,,,,
Station Number : 111007         ,Year: 2001,,,,,,,,,,,,
Station Name : MEGECH NR.AZEZO,,,,,,,,,,,,,
Time-Series Type : Flow (cumecs),,,,,,,,,,,,,
,,,,,,,,,,,,,
Latitude : 12:29: 0 N ,Longitude : 37:27: 0 E ,Area : 462.0 sq km,,,,,,,,,,,
,,,,,,,,,,,,,
,,Jan  ,Feb  ,Mar  ,Apr  ,May  ,Jun  ,Jul  ,Aug  ,Sep  ,Oct  ,Nov  ,Dec  
,,,,,,,,,,,,,
1,,3.241,3.241,4.497,4.497,4.497,6.415,1.498,22.23,38.691,3.19,1.498,0.771
2,,3.241,3.241,4.497,4.497,4.497,6.415,15.996,41.989,31.154,3.19,1.498,0.7
3,,3.241,3.241,4.497,4.497,4.497,5.406,6.498,23.393,21.662,2.853,1.498,0.7
4,,3.241,3.1,4.497,4.497,4.497,5.031,4.342,261.069,17.935,2.853,1.288,0.7
5,,3.241,3.1,4.497,4.497,4.497,6.205,9.889,42.84,15.077,2.539,1.288,0.634
6,,3.241,3.1,4.497,4.497,4.497,0.771,7.337,48.165,13.337,2.39,1.288,0.634
7,,3.1,3.1,4.497,4.671,4.671,0.634,3.55,31.154,12.117,2.39,12.923,0.634
8,,3.1,3.1,4.497,4.671,4.671,0.771,2.247,27.755,9.544,2.247,1.01,0.771
9,,3.1,3.1,4.326,4.497,4.671,0.771,5.972,39.5,9.207,2.539,1.01,0.771
10,,3.1,2.964,4.326,4.497,4.671,1.01,2.853,35.556,8.239,2.539,1.01,0.7
11,,3.1,2.964,4.326,4.497,4.671,0.64,2.109,50.025,7.631,3.55,1.01,0.634
12,,3.1,2.964,4.326,4.497,4.671,0.846,2.109,116.246,9.544,6.232,1.01,0.634
13,,3.1,2.964,4.326,4.326,4.497,1.098,7.337,23.989,10.241,3.934,1.01,0.634
14,,2.964,2.964,4.326,4.326,4.497,0.7,18.441,47.25,6.498,2.853,1.01,0.571
15,,2.964,2.964,4.326,4.326,4.497,1.288,13.76,59.986,5.972,2.539,1.01,0.512
16,,2.964,2.964,4.326,4.326,4.497,1.288,5.474,39.5,5.972,2.539,1.01,0.512
17,,2.964,2.964,4.326,4.326,5.031,1.098,3.19,37.892,5.235,2.39,0.926,0.512
18,,2.964,2.964,4.497,4.326,5.031,1.191,12.117,30.455,5.002,2.247,0.926,0.512
19,,2.964,2.964,4.497,4.326,4.849,1.01,37.892,41.989,4.821,2.39,0.926,0.512
20,,2.964,2.831,4.497,5.031,4.671,0.926,12.117,29.086,4.556,2.247,0.926,0.457
21,,2.964,2.831,4.497,5.031,5.6,2.853,18.441,22.807,4.135,2.109,1.098,0.457
22,,2.964,2.831,4.497,4.671,5.031,7.05,143.198,31.863,3.934,1.977,1.288,0.457
23,,2.831,2.831,4.497,4.671,4.849,2.39,20.012,34.049,3.934,1.849,1.098,0.406
24,,2.831,3.684,4.497,4.671,5.031,2.853,17.935,19.48,3.934,5.72,1.098,0.406
25,,2.831,4.497,4.497,4.671,5.031,1.727,17.437,23.989,3.739,2.539,0.926,0.406
26,,3.241,4.497,4.497,4.671,5.031,1.288,15.077,33.311,9.207,3.19,0.846,0.406
27,,3.241,4.497,4.497,4.671,14.375,4.342,102.572,20.012,4.342,2.853,0.846,0.406
28,,3.241,4.497,4.497,4.671,7.762,8.239,80.795,22.23,4.135,1.977,0.846,0.406
29,,3.241,         ,4.497,4.497,11.805,1.727,25.207,14.191,3.739,1.727,0.846,0.406
30,,3.241,         ,4.497,4.497,6.629,1.498,19.48,32.582,3.367,1.61,0.771,0.457
31,,3.241,         ,4.497,         ,7.07,         ,49.09,30.455,         ,1.61,         ,0.512
,,,,,,,,,,,,,
Mean,,3.089,3.248,4.447,4.545,5.509,2.583,22.064,43.066,9.563,2.736,1.458,0.556
Flow (MCM),,8.273,7.858,11.911,11.78,14.756,6.695,59.095,115.347,24.788,7.327,3.779,1.489
Maximum,,3.241,4.497,4.497,5.031,14.375,8.239,143.198,261.069,38.691,6.232,12.923,0.771
Minimum,,2.831,2.831,4.326,4.326,4.497,0.634,1.498,14.191,3.367,1.61,0.771,0.406
Runoff (mm),,17.908,17.01,25.782,25.498,31.939,14.49,127.911,249.669,53.654,15.86,8.179,3.223
,,,,,,,,,,,,,
Flow (cumecs),,,,,,,,,,,,,
,,,,,,,,,,,,,
Annual Statistics,,,,,,,,,,,,,
,,,,,,,,,,,,,
Maximum : 261.069,Minimum : 0.406,Mean : 8.572,cumecs,,,,,,,,,,
Total : 270.325 MCM,Runoff : 585.119 mm,,,,,,,,,,,,
Possible data flags,,,,,,,,,,,,,
,,,,,,,,,,,,,
"No data stored ""-""","Estimated values ""e""",,,,,,,,,,,,
,,,,,,,,,,,,,
,,,,,,,,,,,,,
nile,,,,,,,,,,,,,
Annual Report of Daily Data: INSTANTANEOUS DAILY FLOW,,,,,,,,,,,,,
,,,,,,,,,,,,,
Station Number : 111007         ,Year: 2002,,,,,,,,,,,,
Station Name : MEGECH NR.AZEZO,,,,,,,,,,,,,
Time-Series Type : Flow (cumecs),,,,,,,,,,,,,
,,,,,,,,,,,,,
Latitude : 12:29: 0 N ,Longitude : 37:27: 0 E ,Area : 462.0 sq km,,,,,,,,,,,
,,,,,,,,,,,,,
,,Jan  ,Feb  ,Mar  ,Apr  ,May  ,Jun  ,Jul  ,Aug  ,Sep  ,Oct  ,Nov  ,Dec  
,,,,,,,,,,,,,
1,,0.512,0.274,0.237,0.237,1.498,0.12,3.934,12.117,9.207,3.19,2.39,1.977
2,,0.457,0.274,0.237,0.204,1.849,0.12,8.555,19.48,8.555,3.19,2.247,1.977
3,,0.457,0.315,0.204,0.204,1.391,0.12,3.367,16.468,29.086,3.018,2.247,1.849
4,,0.457,0.237,0.204,0.173,0.634,0.145,1.391,19.48,7.931,3.018,2.247,1.849
5,,0.457,0.237,0.204,0.173,0.173,0.173,1.098,31.863,8.555,3.018,2.247,1.727
6,,0.457,0.237,0.204,0.173,0.145,0.173,1.191,29.766,13.337,3.018,2.247,1.727
7,,0.406,0.237,0.204,0.173,0.145,0.145,1.288,17.437,16.468,2.853,2.247,1.727
8,,0.406,0.204,0.204,0.173,0.145,0.12,1.288,13.76,9.207,2.853,2.109,1.727
9,,0.421,0.204,0.204,0.173,0.145,0.12,17.437,15.996,7.931,2.853,2.109,1.61
10,,0.406,0.204,0.204,0.173,0.12,0.12,29.766,11.344,7.05,2.853,2.109,1.61
11,,0.406,0.204,0.204,0.173,0.12,0.12,12.117,18.441,9.207,2.693,2.109,1.498
12,,0.406,0.204,0.204,0.145,0.12,0.145,4.776,27.755,7.05,2.539,2.109,1.498
13,,0.406,0.204,0.204,0.145,0.12,3.55,137.881,21.662,9.889,2.539,2.109,1.498
14,,0.406,0.204,0.204,0.12,0.12,1.191,37.892,31.154,6.77,2.539,2.109,2.247
15,,0.406,0.204,0.204,0.12,0.12,0.315,10.601,36.324,5.72,2.539,2.109,1.977
16,,0.359,0.204,0.237,0.12,0.12,0.634,16.468,31.863,5.235,2.539,2.109,1.977
17,,0.359,0.204,0.359,0.12,0.12,1.498,17.437,25.207,5.235,2.539,1.977,1.849
18,,0.359,0.204,0.237,0.12,0.12,1.727,8.555,27.104,4.776,2.539,1.977,1.727
19,,0.359,0.204,0.204,0.12,0.12,4.135,7.337,15.077,4.776,2.539,1.977,1.727
20,,0.315,0.204,0.204,0.12,0.12,7.05,16.948,14.629,4.342,2.539,1.977,1.727
21,,0.315,0.204,0.204,0.12,0.12,1.727,12.923,12.923,4.135,2.539,1.977,1.61
22,,0.315,0.204,0.204,0.12,0.12,1.288,61.044,13.76,3.934,2.539,1.977,1.498
23,,0.315,0.204,0.204,0.12,0.12,0.926,45.454,17.437,4.342,2.39,2.109,1.498
24,,0.315,0.204,0.237,0.12,0.12,4.776,3.934,12.923,3.934,2.39,1.977,1.498
25,,0.315,0.204,0.237,0.12,0.12,3.19,1.727,11.344,3.934,2.539,1.977,1.498
26,,0.315,0.204,0.237,0.098,0.12,1.977,12.923,14.191,3.934,2.539,1.977,1.391
27,,0.315,0.204,0.237,0.098,0.12,1.288,4.556,15.077,4.342,2.539,1.977,1.391
28,,0.274,0.204,0.237,0.098,0.12,0.634,8.555,10.968,3.934,2.39,1.977,1.391
29,,0.274,         ,0.237,0.098,0.145,0.771,11.727,17.437,3.55,2.39,1.977,1.391
30,,0.274,         ,0.237,0.098,0.12,0.926,27.755,9.889,3.19,2.39,1.977,1.391
31,,0.274,         ,0.237,         ,0.12,         ,25.207,13.76,         ,2.39,         ,1.391
,,,,,,,,,,,,,
Mean,,0.372,0.217,0.222,0.142,0.284,1.308,17.907,18.924,7.319,2.659,2.089,1.66
Flow (MCM),,0.996,0.526,0.594,0.368,0.76,3.389,47.963,50.685,18.97,7.123,5.414,4.445
Maximum,,0.512,0.315,0.359,0.237,1.849,7.05,137.881,36.324,29.086,3.19,2.39,2.247
Minimum,,0.274,0.204,0.204,0.098,0.12,0.12,1.098,9.889,3.19,2.39,1.977,1.391
Runoff (mm),,2.155,1.139,1.285,0.795,1.645,7.336,103.817,109.708,41.06,15.418,11.718,9.622
,,,,,,,,,,,,,
Flow (cumecs),,,,,,,,,,,,,
,,,,,,,,,,,,,
Annual Statistics,,,,,,,,,,,,,
,,,,,,,,,,,,,
Maximum : 137.881,Minimum : 0.098,Mean : 4.425,cumecs,,,,,,,,,,
Total : 139.550 MCM,Runoff : 302.056 mm,,,,,,,,,,,,
Possible data flags,,,,,,,,,,,,,
,,,,,,,,,,,,,
"No data stored ""-""","Estimated values ""e""",,,,,,,,,,,,
,,,,,,,,,,,,,
,,,,,,,,,,,,,
nile,,,,,,,,,,,,,
Annual Report of Daily Data: INSTANTANEOUS DAILY FLOW,,,,,,,,,,,,,
,,,,,,,,,,,,,
Station Number : 111007         ,Year: 2003,,,,,,,,,,,,
Station Name : MEGECH NR.AZEZO,,,,,,,,,,,,,
Time-Series Type : Flow (cumecs),,,,,,,,,,,,,
,,,,,,,,,,,,,
Latitude : 12:29: 0 N ,Longitude : 37:27: 0 E ,Area : 462.0 sq km,,,,,,,,,,,
,,,,,,,,,,,,,
,,Jan  ,Feb  ,Mar  ,Apr  ,May  ,Jun  ,Jul  ,Aug  ,Sep  ,Oct  ,Nov  ,Dec  
,,,,,,,,,,,,,
1,,1.391,1.288,1.288,1.288,1.098,1.191,4.342,6.498,26.462,6.232,3.19,2.39
2,,1.391,1.288,1.288,1.288,1.098,1.278,7.931,36.324,15.996,5.972,3.19,2.39
3,,1.391,1.288,1.288,1.288,1.098,1.098,4.776,12.923,16.468,5.72,3.19,2.39
4,,1.391,1.288,1.288,1.288,1.098,1.098,9.889,63.193,21.662,5.474,3.19,2.39
5,,1.391,1.288,1.288,1.191,1.098,1.191,7.05,37.892,25.207,5.235,3.19,2.39
6,,1.391,1.288,1.288,1.098,1.01,1.191,5.72,21.103,15.532,5.235,3.018,2.39
7,,1.391,1.288,1.288,1.098,1.01,1.191,25.83,18.956,17.437,15.077,3.018,2.39
8,,1.391,1.288,1.288,1.098,1.01,6.232,67.629,11.344,13.337,4.776,3.018,2.39
9,,1.391,1.288,1.288,1.098,1.01,1.498,23.989,37.892,11.344,4.776,2.853,2.853
10,,1.391,1.288,1.288,1.098,1.01,1.288,9.207,25.207,11.344,4.556,2.853,2.853
11,,1.288,1.288,1.288,1.098,1.01,1.391,18.441,16.468,9.889,4.556,3.018,2.693
12,,1.288,1.288,1.288,1.098,1.01,3.018,8.555,25.207,9.889,5.474,3.018,2.539
13,,1.288,1.288,1.288,1.098,1.098,1.977,22.807,75.841,15.532,4.776,3.018,2.539
14,,1.288,1.288,1.288,1.098,1.098,1.498,10.601,17.437,12.516,5.002,2.853,2.539
15,,1.288,1.288,1.288,1.098,1.098,4.776,7.337,16.468,14.629,4.776,2.853,2.39
16,,1.288,1.288,1.288,1.172,1.098,2.853,9.889,78.294,13.337,4.556,2.853,2.39
17,,1.288,1.288,1.288,1.098,1.098,2.247,5.474,27.104,10.601,4.556,2.853,2.39
18,,1.288,1.288,1.288,1.098,1.098,3.934,4.776,20.553,9.889,5.235,2.853,2.39
19,,1.288,1.288,1.288,1.098,1.098,2.247,5.72,21.662,9.207,4.342,2.853,2.39
20,,1.288,1.288,1.288,1.098,1.098,2.247,5.474,51.929,7.337,4.135,2.693,2.39
21,,1.288,1.288,1.288,1.098,1.098,18.441,33.311,37.892,6.77,4.135,2.693,2.247
22,,1.288,1.288,1.191,1.098,1.098,5.474,95.424,72.251,6.232,3.934,2.693,2.247
23,,1.288,1.498,1.191,1.098,1.098,22.807,15.532,25.207,5.72,3.739,2.539,2.247
24,,1.288,1.391,1.191,1.098,1.098,33.311,9.889,22.23,5.474,3.739,2.539,2.109
25,,1.288,1.391,1.191,1.098,1.098,5.474,6.232,17.437,8.877,3.55,2.539,2.109
26,,1.288,1.391,0.512,1.098,1.098,8.555,22.807,214.65,6.77,3.55,2.539,2.109
27,,1.288,1.288,1.288,1.098,1.098,36.324,16.948,36.324,6.498,3.55,2.539,2.109
28,,1.288,1.288,1.288,1.098,1.098,7.337,11.727,39.5,6.77,3.367,2.539,2.109
29,,1.288,         ,1.288,1.01,1.098,4.135,16.468,57.905,6.498,3.367,2.539,2.109
30,,1.288,         ,1.288,1.01,1.098,9.544,15.996,31.863,6.232,3.367,2.539,2.109
31,,1.288,         ,1.288,         ,1.098,         ,9.889,27.755,         ,3.367,         ,1.977
,,,,,,,,,,,,,
Mean,,1.321,1.307,1.251,1.123,1.078,6.495,16.763,38.881,11.782,4.843,2.842,2.353
Flow (MCM),,3.539,3.162,3.35,2.911,2.887,16.835,44.898,104.139,30.539,12.971,7.368,6.304
Maximum,,1.391,1.498,1.288,1.288,1.098,36.324,95.424,214.65,26.462,15.077,3.19,2.853
Minimum,,1.288,1.288,0.512,1.01,1.01,1.098,4.342,6.498,5.474,3.367,2.539,1.977
Runoff (mm),,7.661,6.843,7.251,6.301,6.25,36.439,97.183,225.409,66.101,28.075,15.947,13.644
,,,,,,,,,,,,,
Flow (cumecs),,,,,,,,,,,,,
,,,,,,,,,,,,,
Annual Statistics,,,,,,,,,,,,,
,,,,,,,,,,,,,
Maximum : 214.650,Minimum : 0.512,Mean : 7.503,cumecs,,,,,,,,,,
Total : 236.624 MCM,Runoff : 512.172 mm,,,,,,,,,,,,
Possible data flags,,,,,,,,,,,,,
,,,,,,,,,,,,,
"No data stored ""-""","Estimated values ""e""",,,,,,,,,,,,
,,,,,,,,,,,,,
,,,,,,,,,,,,,
nile,,,,,,,,,,,,,
Annual Report of Daily Data: INSTANTANEOUS DAILY FLOW,,,,,,,,,,,,,
,,,,,,,,,,,,,
Station Number : 111007         ,Year: 2004,,,,,,,,,,,,
Station Name : MEGECH NR.AZEZO,,,,,,,,,,,,,
Time-Series Type : Flow (cumecs),,,,,,,,,,,,,
,,,,,,,,,,,,,
Latitude : 12:29: 0 N ,Longitude : 37:27: 0 E ,Area : 462.0 sq km,,,,,,,,,,,
,,,,,,,,,,,,,
,,Jan  ,Feb  ,Mar  ,Apr  ,May  ,Jun  ,Jul  ,Aug  ,Sep  ,Oct  ,Nov  ,Dec  
,,,,,,,,,,,,,
1,,1.977,1.391,1.498,1.288,1.61,1.391,8.239,263.668,12.923,5.235,3.934,3.367
2,,1.977,1.391,1.498,1.288,1.727,1.391,5.002,51.929,10.601,5.235,3.934,3.19
3,,1.977,1.391,1.498,1.391,1.727,1.288,7.337,25.83,12.117,5.002,3.934,3.19
4,,1.849,1.391,1.498,1.391,1.727,1.498,7.337,29.766,11.727,6.77,3.934,3.19
5,,1.849,1.391,1.498,1.727,1.61,1.498,11.344,27.755,11.727,11.727,3.934,3.19
6,,1.849,1.391,1.498,3.739,1.61,1.498,23.989,21.662,9.544,8.877,3.934,3.018
7,,1.849,1.391,1.498,3.739,1.498,1.391,6.498,23.989,9.544,7.337,3.934,3.018
8,,1.727,1.391,1.498,4.135,1.498,1.498,5.972,22.23,9.207,5.972,3.934,3.018
9,,1.727,1.498,1.498,3.934,1.391,1.498,10.601,18.441,8.555,5.235,3.739,3.018
10,,1.727,1.727,1.498,2.853,1.391,4.135,9.207,14.629,8.239,12.923,3.739,3.19
11,,1.61,1.61,1.391,2.39,1.391,2.247,52.898,29.086,8.239,7.337,3.55,3.19
12,,1.61,1.498,1.391,1.977,1.498,1.977,14.629,29.086,12.516,13.76,3.55,3.018
13,,1.61,1.498,1.391,1.977,1.498,1.61,23.989,41.149,9.889,8.555,3.55,3.018
14,,1.498,1.498,1.391,1.727,1.391,1.498,19.48,46.347,7.931,6.232,3.367,3.018
15,,1.498,1.498,1.391,1.727,1.391,3.19,33.311,25.207,8.555,5.72,3.367,3.018
16,,1.498,1.498,1.288,1.727,1.391,9.889,15.996,21.662,8.555,5.474,3.55,3.018
17,,1.498,1.498,1.288,1.61,1.288,4.776,27.104,25.207,8.555,5.235,3.55,3.018
18,,1.391,1.61,1.288,1.61,1.288,2.693,14.629,29.086,25.83,5.002,3.367,3.018
19,,1.391,1.61,1.288,1.498,1.288,2.539,9.889,23.393,9.207,4.776,3.367,3.018
20,,1.391,1.61,1.288,1.498,1.288,5.474,20.012,43.701,7.337,4.776,3.367,2.853
21,,1.391,1.61,1.288,1.498,1.288,4.342,8.877,40.319,6.77,4.556,3.19,2.853
22,,1.391,1.498,1.391,1.498,1.391,8.555,11.344,27.104,6.498,4.556,3.19,2.853
23,,1.391,1.61,1.391,1.498,1.288,6.232,21.103,27.104,6.498,4.342,3.367,2.853
24,,1.498,1.61,1.391,1.727,1.288,3.55,15.532,18.956,6.498,4.342,4.342,2.853
25,,1.498,1.61,1.391,2.247,1.288,3.934,8.555,20.553,6.77,4.342,4.135,2.693
26,,1.498,1.61,1.391,2.109,1.391,11.344,29.086,17.437,6.498,4.135,3.934,2.693
27,,1.498,1.498,1.391,3.19,1.391,8.555,36.324,18.441,5.72,4.135,3.739,2.693
28,,1.498,1.61,1.391,2.109,1.391,7.931,121.038,17.935,5.72,4.135,3.55,2.693
29,,1.391,1.61,1.391,1.977,1.288,5.474,17.935,15.996,5.72,3.934,3.367,2.693
30,,1.391,         ,1.391,1.727,1.288,7.931,23.989,18.441,5.474,3.934,3.367,2.693
31,,1.391,         ,1.391,         ,1.288,         ,23.989,15.532,         ,3.934,         ,2.693
,,,,,,,,,,,,,
Mean,,1.591,1.519,1.406,2.093,1.422,4.027,20.814,33.924,9.099,6.049,3.657,2.963
Flow (MCM),,4.263,3.805,3.765,5.426,3.809,10.439,55.748,90.862,23.584,16.202,9.479,7.935
Maximum,,1.977,1.727,1.498,4.135,1.727,11.344,121.038,263.668,25.83,13.76,4.342,3.367
Minimum,,1.391,1.391,1.288,1.288,1.288,1.288,5.002,14.629,5.474,3.934,3.19,2.693
Runoff (mm),,9.226,8.237,8.148,11.745,8.244,22.596,120.667,196.671,51.047,35.069,20.518,17.176
,,,,,,,,,,,,,
Flow (cumecs),,,,,,,,,,,,,
,,,,,,,,,,,,,
Annual Statistics,,,,,,,,,,,,,
,,,,,,,,,,,,,
Maximum : 263.668,Minimum : 1.288,Mean : 7.380,cumecs,,,,,,,,,,
Total : 233.384 MCM,Runoff : 505.161 mm,,,,,,,,,,,,
Possible data flags,,,,,,,,,,,,,
,,,,,,,,,,,,,
"No data stored ""-""","Estimated values ""e""",,,,,,,,,,,,
,,,,,,,,,,,,,
,,,,,,,,,,,,,
nile,,,,,,,,,,,,,
Annual Report of Daily Data: INSTANTANEOUS DAILY FLOW,,,,,,,,,,,,,
,,,,,,,,,,,,,
Station Number : 111007         ,Year: 2005,,,,,,,,,,,,
Station Name : MEGECH NR.AZEZO,,,,,,,,,,,,,
Time-Series Type : Flow (cumecs),,,,,,,,,,,,,
,,,,,,,,,,,,,
Latitude : 12:29: 0 N ,Longitude : 37:27: 0 E ,Area : 462.0 sq km,,,,,,,,,,,
,,,,,,,,,,,,,
,,Jan  ,Feb  ,Mar  ,Apr  ,May  ,Jun  ,Jul  ,Aug  ,Sep  ,Oct  ,Nov  ,Dec  
,,,,,,,,,,,,,
1,,2.693,2.39,2.247,2.247,2.247,2.539,13.76,11.344,28.416,10.968,6.77,3.934
2,,2.693,2.39,2.247,2.247,2.247,2.39,19.48,46.347,18.441,10.601,6.232,3.934
3,,2.539,2.39,2.247,2.247,2.247,3.19,18.441,10.968,16.468,10.241,6.232,3.739
4,,2.539,2.39,2.247,2.247,2.853,2.853,13.76,18.441,15.532,9.889,5.972,3.739
5,,2.539,2.39,2.247,2.109,2.853,2.539,9.889,20.012,15.532,9.544,5.72,3.934
6,,2.539,2.39,2.247,2.109,2.539,2.39,6.77,53.877,27.755,9.544,5.72,3.934
7,,2.539,2.39,2.109,1.977,2.39,2.39,5.474,9.544,17.437,9.207,5.474,3.739
8,,2.539,2.39,2.109,1.977,2.247,2.247,5.72,13.76,29.086,9.207,5.235,3.739
9,,2.539,2.39,2.247,2.109,2.247,2.247,17.437,14.629,27.104,9.207,5.235,3.934
10,,2.539,2.39,2.247,2.109,2.247,3.19,7.631,17.935,20.553,9.207,5.002,3.934
11,,2.539,2.39,2.247,2.109,2.247,22.807,7.337,9.544,33.311,9.207,5.002,3.739
12,,2.539,2.247,2.39,2.109,2.247,7.631,27.755,7.631,30.455,8.555,4.776,3.739
13,,2.539,2.39,5.235,2.247,2.109,6.77,18.956,5.972,15.532,8.555,4.776,3.739
14,,2.539,2.39,3.934,2.247,2.109,5.72,13.337,12.923,18.441,7.931,4.776,3.739
15,,2.539,2.39,4.342,2.247,2.109,4.135,32.582,39.5,17.935,7.631,4.556,3.739
16,,2.539,2.39,4.342,2.247,2.109,5.474,36.324,83.344,20.012,7.337,4.556,3.55
17,,2.539,2.39,3.55,2.247,2.109,3.739,20.553,46.347,16.948,7.337,4.556,3.55
18,,2.539,2.39,3.19,2.247,2.109,9.207,7.337,105.52,14.629,6.77,4.556,3.55
19,,2.539,2.39,3.018,3.19,2.693,22.23,6.232,89.931,13.76,6.77,4.556,3.55
20,,2.539,2.39,2.853,2.39,2.539,8.555,4.776,78.294,12.923,6.77,5.235,3.367
21,,2.539,2.247,2.539,2.247,2.39,238.387,9.889,31.863,13.337,8.555,5.235,3.55
22,,2.539,2.247,2.539,2.109,2.39,7.931,2.693,31.154,21.662,7.337,5.474,3.55
23,,2.539,2.247,2.39,4.776,2.539,15.532,9.889,27.755,17.437,7.05,4.776,3.367
24,,2.539,2.247,2.539,3.19,2.539,15.077,15.532,22.807,14.629,6.77,4.556,3.55
25,,2.539,2.247,2.39,2.853,2.539,6.77,12.117,34.049,12.516,6.498,4.342,3.367
26,,2.539,2.247,2.39,2.539,3.55,8.239,15.996,44.572,15.532,6.232,4.342,3.367
27,,2.539,2.247,2.247,2.539,2.853,11.344,26.462,31.863,12.923,6.232,4.135,3.367
28,,2.539,2.247,3.19,2.539,2.853,14.191,37.103,22.807,21.103,5.972,4.135,3.367
29,,2.539,         ,3.018,2.39,2.539,29.086,16.948,21.662,13.76,5.972,4.135,3.367
30,,2.39,         ,2.539,1.727,2.539,14.191,7.631,20.012,11.727,5.972,4.135,3.367
31,,2.39,         ,2.39,         ,2.539,         ,3.934,32.582,         ,6.77,         ,3.367
,,,,,,,,,,,,,
Mean,,2.539,2.344,2.757,2.385,2.444,16.1,14.572,32.806,18.83,7.995,5.007,3.626
Flow (MCM),,6.801,5.671,7.384,6.183,6.546,41.73,39.031,87.868,48.807,21.413,12.977,9.712
Maximum,,2.693,2.39,5.235,4.776,3.55,238.387,37.103,105.52,33.311,10.968,6.77,3.934
Minimum,,2.39,2.247,2.109,1.727,2.109,2.247,2.693,5.972,11.727,5.972,4.135,3.367
Runoff (mm),,14.721,12.275,15.983,13.383,14.169,90.325,84.482,190.191,105.643,46.349,28.089,21.021
,,,,,,,,,,,,,
Flow (cumecs),,,,,,,,,,,,,
,,,,,,,,,,,,,
Annual Statistics,,,,,,,,,,,,,
,,,,,,,,,,,,,
Maximum : 238.387,Minimum : 1.727,Mean : 9.284,cumecs,,,,,,,,,,
Total : 292.773 MCM,Runoff : 633.708 mm,,,,,,,,,,,,
Possible data flags,,,,,,,,,,,,,
,,,,,,,,,,,,,
"No data stored ""-""","Estimated values ""e""",,,,,,,,,,,,
,,,,,,,,,,,,,
,,,,,,,,,,,,,
nile,,,,,,,,,,,,,
Annual Report of Daily Data: INSTANTANEOUS DAILY FLOW,,,,,,,,,,,,,
,,,,,,,,,,,,,
Station Number : 111007         ,Year: 2006,,,,,,,,,,,,
Station Name : MEGECH NR.AZEZO,,,,,,,,,,,,,
Time-Series Type : Flow (cumecs),,,,,,,,,,,,,
,,,,,,,,,,,,,
Latitude : 12:29: 0 N ,Longitude : 37:27: 0 E ,Area : 462.0 sq km,,,,,,,,,,,
,,,,,,,,,,,,,
,,Jan  ,Feb  ,Mar  ,Apr  ,May  ,Jun  ,Jul  ,Aug  ,Sep  ,Oct  ,Nov  ,Dec  
,,,,,,,,,,,,,
1,,3.19,3.018,2.853,2.693,2.693,0,4.776,63.193,30.455,12.117,8.877,5.72
2,,3.19,2.853,2.853,2.693,2.853,0,9.889,29.086,33.311,11.344,8.555,5.72
3,,3.19,2.853,2.853,2.693,2.853,0,8.555,23.989,65.388,11.344,7.931,5.72
4,,3.19,3.018,2.853,2.693,2.853,0,8.877,165.715,34.798,19.48,7.931,6.232
5,,3.19,2.853,2.853,2.693,2.853,0,10.601,27.104,34.049,11.344,7.337,5.72
6,,3.19,2.853,2.853,2.693,2.853,0,19.48,27.755,45.454,10.601,7.337,6.498
7,,3.19,3.018,2.853,2.693,3.367,0,11.727,116.246,37.892,10.968,7.337,6.498
8,,3.19,4.342,2.853,2.693,3.19,0,9.889,55.869,30.455,13.337,13.76,5.972
9,,3.19,2.853,2.853,2.693,3.55,0,9.207,186.04,26.462,10.968,7.337,5.72
10,,3.19,2.853,2.853,2.853,3.934,0,12.117,43.701,24.593,11.344,7.337,5.72
11,,3.19,2.853,2.853,2.853,3.19,1.977,17.935,42.84,23.989,10.601,7.05,5.474
12,,3.19,2.853,2.853,3.018,2.853,1.61,11.344,46.347,23.393,9.889,6.77,5.474
13,,3.19,2.853,2.853,3.934,2.853,0,13.76,157.985,21.662,9.544,6.77,5.235
14,,3.19,2.853,2.853,2.853,3.934,0.026,12.516,51.929,20.012,9.207,6.498,5.235
15,,3.19,2.853,2.853,2.853,6.232,0,10.601,53.877,26.462,8.877,6.498,5.235
16,,3.19,2.853,2.853,2.853,6.232,0,9.544,37.892,19.48,8.555,6.498,5.235
17,,3.19,2.853,3.018,2.853,9.889,4.556,9.889,46.347,18.441,8.555,6.498,5.235
18,,3.19,2.853,2.853,2.853,6.77,17.935,17.437,55.869,19.48,9.889,6.232,5.002
19,,3.19,2.853,2.853,2.853,11.344,0,42.84,92.652,16.948,8.555,6.232,5.002
20,,3.018,2.853,2.853,2.853,7.631,0,51.929,46.347,16.468,8.555,6.232,5.002
21,,3.018,2.853,2.853,2.853,7.05,0,15.077,50.025,15.077,10.241,6.232,5.002
22,,3.018,3.018,2.693,2.853,6.232,6.77,13.337,41.149,16.468,8.877,6.232,5.002
23,,3.018,2.853,2.693,3.19,8.555,10.601,9.207,39.5,15.532,8.555,6.77,4.776
24,,3.018,2.853,2.693,3.018,7.931,0.359,8.555,38.691,13.76,7.931,6.77,4.776
25,,3.018,2.853,2.693,2.853,9.544,9.889,8.555,44.572,13.76,7.931,6.77,4.776
26,,3.018,2.853,2.693,3.018,0.237,0.237,84.637,39.5,16.468,9.207,6.232,4.776
27,,3.018,2.853,2.693,2.853,0,0,46.347,58.94,14.629,8.555,6.232,4.776
28,,3.018,2.853,2.693,2.853,0,0,22.807,34.798,15.077,12.117,5.972,4.776
29,,3.018,         ,2.693,2.693,0,0,63.193,40.319,18.441,9.544,5.972,4.776
30,,3.018,         ,2.693,2.693,0,11.344,105.52,30.455,12.923,17.437,5.72,4.776
31,,3.018,         ,2.693,         ,0,         ,57.905,31.863,         ,10.241,         ,4.776
,,,,,,,,,,,,,
Mean,,3.123,2.93,2.807,2.858,4.241,2.177,23.808,58.729,24.044,10.507,7.064,5.311
Flow (MCM),,8.366,7.088,7.517,7.408,11.359,5.642,63.768,157.299,62.323,28.141,18.31,14.224
Maximum,,3.19,4.342,3.018,3.934,11.344,17.935,105.52,186.04,65.388,19.48,13.76,6.498
Minimum,,3.018,2.853,2.693,2.693,0,0,4.776,23.989,12.923,7.931,5.72,4.776
Runoff (mm),,18.108,15.341,16.271,16.035,24.587,12.213,138.025,340.475,134.897,60.912,39.631,30.788
,,,,,,,,,,,,,
Flow (cumecs),,,,,,,,,,,,,
,,,,,,,,,,,,,
Annual Statistics,,,,,,,,,,,,,
,,,,,,,,,,,,,
Maximum : 186.040,Minimum : 0.000,Mean : 12.300,cumecs,,,,,,,,,,
Total : 387.888 MCM,Runoff : 839.585 mm,,,,,,,,,,,,
Possible data flags,,,,,,,,,,,,,
,,,,,,,,,,,,,
"No data stored ""-""","Estimated values ""e""",,,,,,,,,,,,
,,,,,,,,,,,,,
,,,,,,,,,,,,,
nile,,,,,,,,,,,,,
Annual Report of Daily Data: INSTANTANEOUS DAILY FLOW,,,,,,,,,,,,,
,,,,,,,,,,,,,
Station Number : 111007         ,Year: 2007,,,,,,,,,,,,
Station Name : MEGECH NR.AZEZO,,,,,,,,,,,,,
Time-Series Type : Flow (cumecs),,,,,,,,,,,,,
,,,,,,,,,,,,,
Latitude : 12:29: 0 N ,Longitude : 37:27: 0 E ,Area : 462.0 sq km,,,,,,,,,,,
,,,,,,,,,,,,,
,,Jan  ,Feb  ,Mar  ,Apr  ,May  ,Jun  ,Jul  ,Aug  ,Sep  ,Oct  ,Nov  ,Dec  
,,,,,,,,,,,,,
1,,4.776,4.342,4.135,4.342,4.776,5.972,13.337,59.986,51.929,14.629,9.207,7.05
2,,4.776,4.342,4.135,4.342,4.342,5.72,5.235,73.436,41.989,13.76,8.555,6.77
3,,4.776,4.342,3.934,4.135,4.135,5.72,14.191,137.881,83.344,13.76,12.516,6.77
4,,4.776,4.342,4.135,4.342,3.934,5.972,23.989,71.078,46.347,12.923,10.601,6.77
5,,4.776,4.342,3.934,4.342,3.934,4.776,39.5,169.665,36.324,12.923,9.889,6.77
6,,4.556,4.342,3.934,4.342,6.232,4.556,18.956,73.436,33.311,12.516,9.207,6.77
7,,4.776,4.342,3.934,4.135,5.474,7.931,17.437,80.795,37.892,12.117,8.555,6.77
8,,4.556,4.342,3.934,4.342,4.776,9.544,22.23,82.064,34.798,12.117,8.555,6.77
9,,4.556,4.135,4.135,4.556,4.342,5.72,21.662,156.088,37.103,11.344,8.239,6.498
10,,4.556,4.135,4.135,8.239,4.342,4.776,18.956,66.503,38.691,11.344,8.239,6.498
11,,4.556,4.135,4.135,6.232,4.342,5.235,18.956,101.117,33.311,10.968,7.931,6.498
12,,4.556,4.135,4.135,5.972,4.556,7.931,20.553,41.989,114.674,10.601,7.931,6.498
13,,4.556,4.342,3.934,4.342,4.342,7.337,67.629,105.52,34.798,10.601,7.931,6.498
14,,4.556,4.342,3.934,4.556,4.135,27.755,23.989,46.347,30.455,10.601,7.931,6.498
15,,4.556,4.342,3.934,4.342,3.934,8.555,21.103,84.637,27.755,10.601,7.931,6.498
16,,4.556,4.342,3.934,4.342,3.934,28.416,21.103,130.982,25.83,10.601,7.337,6.232
17,,4.556,4.135,3.934,4.135,3.739,8.239,20.012,58.94,23.989,12.117,7.337,6.232
18,,4.342,4.342,4.135,3.934,4.776,5.972,29.766,63.193,21.662,13.76,7.631,6.232
19,,4.342,4.342,3.934,3.934,3.934,5.72,50.025,50.025,37.892,11.344,7.631,6.232
20,,4.342,4.342,3.934,3.934,3.739,10.601,42.84,41.149,21.662,10.601,7.337,6.232
21,,4.556,4.342,3.934,4.135,3.934,6.77,47.25,105.52,19.48,10.601,7.337,6.232
22,,4.342,4.342,3.934,3.934,3.934,10.601,29.086,51.929,18.441,9.889,7.337,6.232
23,,4.342,4.342,3.934,3.934,3.934,9.889,23.989,59.986,17.935,9.889,7.337,6.232
24,,4.342,4.135,3.934,3.934,3.739,-   ,41.149,75.841,17.437,9.889,7.337,6.232
25,,4.342,4.135,4.135,3.934,4.342,-   ,25.207,37.103,16.468,9.544,7.337,6.232
26,,4.342,4.135,3.934,3.934,4.135,-   ,48.165,32.582,15.996,9.207,7.05,6.232
27,,4.342,4.135,4.135,5.72,14.629,-   ,119.427,34.798,15.532,9.207,7.337,6.232
28,,4.342,4.135,4.342,4.342,6.232,-   ,64.285,41.149,15.077,8.877,7.631,5.972
29,,4.342,         ,4.342,5.72,5.72,-   ,42.84,34.798,14.629,8.877,7.337,5.972
30,,4.342,         ,4.342,6.232,10.601,-   ,41.149,44.572,14.191,9.207,7.05,5.972
31,,4.342,         ,4.342,         ,10.241,         ,75.841,124.3,         ,9.207,         ,5.972
,,,,,,,,,,,,,
Mean,,4.509,4.268,4.051,4.622,5.134,-     ,34.512,75.4,32.631,11.085,8.119,6.406
Flow (MCM),,12.077,10.326,10.851,11.98,13.751,-     ,92.436,201.952,84.58,29.689,21.045,17.158
Maximum,,4.776,4.342,4.342,8.239,14.629,-     ,119.427,169.665,114.674,14.629,12.516,7.05
Minimum,,4.342,4.135,3.934,3.934,3.739,-     ,5.235,32.582,14.191,8.877,7.05,5.972
Runoff (mm),,26.14,22.35,23.488,25.931,29.765,-     ,200.077,437.126,183.074,64.262,45.552,37.14
,,,,,,,,,,,,,
Flow (cumecs),,,,,,,,,,,,,
,,,,,,,,,,,,,
Annual Statistics,,,,,,,,,,,,,
,,,,,,,,,,,,,
Maximum : -   ,Minimum : -   ,Mean : -   ,cumecs,,,,,,,,,,
Total : -   ,Runoff : -    mm,,,,,,,,,,,,
Possible data flags,,,,,,,,,,,,,
,,,,,,,,,,,,,
"No data stored ""-""","Estimated values ""e""",,,,,,,,,,,,
,,,,,,,,,,,,,
,,,,,,,,,,,,,
nile,,,,,,,,,,,,,
Annual Report of Daily Data: INSTANTANEOUS DAILY FLOW,,,,,,,,,,,,,
,,,,,,,,,,,,,
Station Number : 111007         ,Year: 2008,,,,,,,,,,,,
Station Name : MEGECH NR.AZEZO,,,,,,,,,,,,,
Time-Series Type : Flow (cumecs),,,,,,,,,,,,,
,,,,,,,,,,,,,
Latitude : 12:29: 0 N ,Longitude : 37:27: 0 E ,Area : 462.0 sq km,,,,,,,,,,,
,,,,,,,,,,,,,
,,Jan  ,Feb  ,Mar  ,Apr  ,May  ,Jun  ,Jul  ,Aug  ,Sep  ,Oct  ,Nov  ,Dec  
,,,,,,,,,,,,,
1,,5.972,5.72,5.235,5.235,10.601,6.77,15.996,64.285,34.049,15.532,-   ,-   
2,,5.972,5.72,5.002,5.235,9.889,12.117,13.76,53.877,35.556,14.629,-   ,-   
3,,5.972,5.72,5.002,5.235,8.877,10.241,12.923,89.931,59.986,14.629,-   ,-   
4,,5.972,5.72,5.002,5.235,18.441,12.923,17.935,214.65,45.454,14.191,-   ,-   
5,,5.972,5.474,5.002,5.235,12.923,9.207,27.755,51.929,80.795,13.76,-   ,-   
6,,5.972,5.474,5.002,5.235,15.532,14.629,12.117,205.58,56.881,13.337,-   ,-   
7,,5.972,5.474,5.002,6.232,7.337,13.76,20.012,99.674,34.798,12.923,-   ,-   
8,,5.72,5.474,5.002,6.232,6.77,63.193,14.629,54.867,37.892,13.337,-   ,-   
9,,5.72,5.474,5.002,8.555,6.232,84.637,12.923,67.629,48.165,12.923,-   ,-   
10,,5.72,5.474,5.002,5.72,5.972,12.923,57.905,50.025,36.324,12.516,-   ,-   
11,,5.72,5.235,5.002,6.77,5.72,53.877,23.989,61.044,44.572,12.117,-   ,-   
12,,8.555,5.235,5.002,5.72,5.72,9.544,22.807,67.629,49.09,12.117,-   ,-   
13,,8.555,5.235,5.002,6.232,5.72,14.629,32.582,40.319,31.863,12.117,-   ,-   
14,,7.05,5.235,5.002,7.337,5.72,13.76,20.553,57.905,31.863,11.727,-   ,-   
15,,5.72,5.235,5.002,5.72,5.474,20.553,65.388,58.94,30.455,11.727,-   ,-   
16,,5.972,5.235,5.002,5.235,5.972,12.923,18.441,71.078,25.207,11.344,-   ,-   
17,,8.555,5.235,5.235,5.235,6.77,15.532,17.437,83.344,23.989,11.344,-   ,-   
18,,7.931,5.235,5.235,5.002,13.76,46.347,17.437,84.637,23.989,10.968,-   ,-   
19,,6.77,5.235,5.235,5.002,7.931,41.989,18.441,68.767,22.807,10.601,-   ,-   
20,,6.232,5.235,5.235,5.002,6.77,82.064,13.76,154.205,21.662,10.601,-   ,-   
21,,5.972,5.235,5.235,5.002,21.662,114.674,26.462,51.929,20.553,10.601,-   ,-   
22,,5.972,5.235,5.235,5.002,12.117,20.553,64.285,50.972,21.103,10.601,-   ,-   
23,,6.232,5.235,5.235,5.235,12.117,17.437,24.593,40.319,20.553,10.601,-   ,-   
24,,6.232,5.235,5.002,4.776,11.727,16.948,17.437,91.286,18.441,10.601,-   ,-   
25,,6.232,5.235,5.235,4.776,16.468,14.191,31.863,52.898,17.935,13.337,-   ,-   
26,,6.232,5.235,5.002,4.776,6.77,16.948,127.614,61.044,17.437,16.948,-   ,-   
27,,6.232,5.235,5.002,4.776,5.235,21.103,124.3,75.841,17.437,12.117,-   ,-   
28,,5.972,5.002,5.235,6.77,5.72,11.727,51.929,37.892,16.468,11.727,-   ,-   
29,,5.972,5.235,5.235,5.972,6.232,11.727,44.572,42.84,15.532,11.344,-   ,-   
30,,5.72,         ,5.235,20.553,7.337,11.344,50.025,55.869,15.532,10.601,-   ,-   
31,,5.72,         ,5.235,         ,6.498,         ,39.5,46.347,         ,12.516,         ,-   
,,,,,,,,,,,,,
Mean,,6.339,5.343,5.1,6.101,9.162,26.942,34.173,74.437,31.88,12.369,-     ,-     
Flow (MCM),,16.979,13.388,13.659,15.815,24.539,69.835,91.53,199.373,82.632,33.129,-     ,-     
Maximum,,8.555,5.72,5.235,20.553,21.662,114.674,127.614,214.65,80.795,16.948,-     ,-     
Minimum,,5.72,5.002,5.002,4.776,5.235,6.77,12.117,37.892,15.532,10.601,-     ,-     
Runoff (mm),,36.75,28.978,29.565,34.231,53.114,151.157,198.116,431.543,178.857,71.707,-     ,-     
,,,,,,,,,,,,,
Flow (cumecs),,,,,,,,,,,,,
,,,,,,,,,,,,,
Annual Statistics,,,,,,,,,,,,,
,,,,,,,,,,,,,
Maximum : -   ,Minimum : -   ,Mean : -   ,cumecs,,,,,,,,,,
Total : -   ,Runoff : -    mm,,,,,,,,,,,,
Possible data flags,,,,,,,,,,,,,
,,,,,,,,,,,,,
"No data stored ""-""","Estimated values ""e""",,,,,,,,,,,,
,,,,,,,,,,,,,
,,,,,,,,,,,,,
nile,,,,,,,,,,,,,
Annual Report of Daily Data: INSTANTANEOUS DAILY FLOW,,,,,,,,,,,,,
,,,,,,,,,,,,,
Station Number : 111007         ,Year: 2009,,,,,,,,,,,,
Station Name : MEGECH NR.AZEZO,,,,,,,,,,,,,
Time-Series Type : Flow (cumecs),,,,,,,,,,,,,
,,,,,,,,,,,,,
Latitude : 12:29: 0 N ,Longitude : 37:27: 0 E ,Area : 462.0 sq km,,,,,,,,,,,
,,,,,,,,,,,,,
,,Jan  ,Feb  ,Mar  ,Apr  ,May  ,Jun  ,Jul  ,Aug  ,Sep  ,Oct  ,Nov  ,Dec  
,,,,,,,,,,,,,
1,,6.77,6.232,5.972,6.232,5.972,5.474,14.191,148.639,83.344,15.532,11.344,10.601
2,,6.77,6.232,5.972,5.972,5.972,5.474,9.889,50.025,33.311,15.532,11.344,9.889
3,,6.77,6.232,5.972,5.72,5.72,5.72,12.516,32.582,30.455,14.629,10.968,9.889
4,,6.77,6.232,5.72,5.72,5.474,5.72,16.468,89.931,29.766,14.629,10.601,9.889
5,,6.77,6.232,5.72,5.72,5.72,5.72,12.923,51.929,108.52,14.191,10.601,9.889
6,,6.77,6.232,5.72,5.72,5.474,10.601,13.76,41.149,31.863,13.76,10.241,9.889
7,,6.77,6.232,5.972,5.972,5.474,12.117,104.039,28.416,107.013,13.76,10.241,9.544
8,,6.77,6.232,5.972,5.972,5.474,16.468,15.532,41.989,152.336,20.012,10.241,9.544
9,,6.77,6.232,5.972,7.337,5.72,7.337,64.285,41.989,34.798,19.48,10.241,9.544
10,,6.498,6.232,5.72,11.344,5.72,6.232,13.337,36.324,30.455,35.556,10.241,9.544
11,,6.498,6.232,5.972,6.77,6.232,5.972,30.455,95.424,27.755,15.532,9.889,9.207
12,,6.498,6.232,5.72,6.232,8.239,10.241,127.614,66.503,26.462,14.629,9.889,9.207
13,,6.498,6.232,5.72,5.972,7.05,28.416,45.454,41.989,25.207,14.191,9.889,9.207
14,,6.498,6.498,5.72,5.72,6.232,10.601,64.285,173.672,23.989,14.629,9.889,9.207
15,,6.498,6.498,5.972,5.72,5.972,7.337,50.972,99.674,19.48,13.76,9.889,9.207
16,,6.498,6.232,32.582,5.72,5.72,6.77,33.311,53.877,20.553,13.337,9.889,9.207
17,,6.498,6.232,7.931,5.72,5.72,6.232,22.807,36.324,19.48,12.923,9.889,9.207
18,,6.498,6.232,8.239,17.935,5.72,6.232,98.245,48.165,18.441,13.76,9.889,9.207
19,,6.232,5.972,7.05,7.337,5.474,16.948,23.989,42.84,17.437,14.629,10.601,9.207
20,,6.232,5.972,6.232,6.77,5.72,17.437,19.48,33.311,16.948,13.337,10.241,9.207
21,,6.498,6.232,6.232,6.232,5.474,9.207,22.807,42.84,16.468,12.516,10.241,9.207
22,,6.232,6.232,5.972,5.72,5.72,7.631,30.455,42.84,15.996,12.117,9.889,8.877
23,,6.232,6.232,5.972,5.72,5.72,8.555,34.049,38.691,15.996,26.462,9.889,8.877
24,,6.232,6.232,5.972,5.72,5.474,12.923,67.629,104.039,15.996,13.337,10.601,8.877
25,,6.232,5.972,5.72,5.474,5.72,13.76,38.691,121.038,16.468,12.923,9.889,8.877
26,,6.232,5.972,5.972,5.474,5.72,7.337,53.877,48.165,17.437,12.923,9.889,8.877
27,,6.232,5.972,20.553,5.474,5.474,7.337,188.152,107.013,15.532,12.516,9.889,8.877
28,,6.232,5.972,9.889,5.72,5.474,8.555,57.905,46.347,15.996,12.117,9.544,8.877
29,,6.232,         ,7.931,5.72,5.474,10.601,66.503,41.989,18.441,12.117,9.544,8.877
30,,6.232,         ,6.77,5.72,5.474,62.113,55.869,37.892,18.441,11.727,9.544,8.877
31,,6.232,         ,6.232,         ,5.474,         ,39.5,36.324,         ,11.727,         ,8.877
,,,,,,,,,,,,,
Mean,,6.474,6.195,7.647,6.553,5.806,11.502,46.742,61.998,34.146,15.106,10.165,9.299
Flow (MCM),,17.339,14.987,20.483,16.984,15.552,29.814,125.193,166.055,88.507,40.46,26.347,24.907
Maximum,,6.77,6.498,32.582,17.935,8.239,62.113,188.152,173.672,152.336,35.556,11.344,10.601
Minimum,,6.232,5.972,5.72,5.474,5.474,5.474,9.889,28.416,15.532,11.727,9.544,8.877
Runoff (mm),,37.531,32.439,44.335,36.763,33.662,64.532,270.98,359.426,191.573,87.576,57.027,53.91
,,,,,,,,,,,,,
Flow (cumecs),,,,,,,,,,,,,
,,,,,,,,,,,,,
Annual Statistics,,,,,,,,,,,,,
,,,,,,,,,,,,,
Maximum : 188.152,Minimum : 5.474,Mean : 18.469,cumecs,,,,,,,,,,
Total : 582.450 MCM,Runoff : 1260.714 mm,,,,,,,,,,,,
Possible data flags,,,,,,,,,,,,,
,,,,,,,,,,,,,
"No data stored ""-""","Estimated values ""e""",,,,,,,,,,,,
,,,,,,,,,,,,,
,,,,,,,,,,,,,
nile,,,,,,,,,,,,,
Annual Report of Daily Data: INSTANTANEOUS DAILY FLOW,,,,,,,,,,,,,
,,,,,,,,,,,,,
Station Number : 111007         ,Year: 2010,,,,,,,,,,,,
Station Name : MEGECH NR.AZEZO,,,,,,,,,,,,,
Time-Series Type : Flow (cumecs),,,,,,,,,,,,,
,,,,,,,,,,,,,
Latitude : 12:29: 0 N ,Longitude : 37:27: 0 E ,Area : 462.0 sq km,,,,,,,,,,,
,,,,,,,,,,,,,
,,Jan  ,Feb  ,Mar  ,Apr  ,May  ,Jun  ,Jul  ,Aug  ,Sep  ,Oct  ,Nov  ,Dec  
,,,,,,,,,,,,,
1,,8.877,8.555,9.544,7.931,18.441,8.877,25.207,23.393,57.905,15.996,10.241,8.555
2,,8.877,8.555,8.239,7.931,20.553,8.555,11.344,84.637,87.26,15.532,9.889,8.555
3,,8.555,8.555,8.239,8.555,15.996,8.555,10.601,130.982,39.5,15.532,9.889,8.555
4,,8.555,8.555,8.239,8.555,27.104,8.555,9.889,44.572,41.149,15.077,9.889,8.239
5,,8.555,8.555,8.239,8.555,14.191,8.555,21.662,137.881,34.798,14.629,9.889,8.239
6,,8.555,8.555,8.239,7.931,16.468,21.103,18.441,61.044,42.84,14.629,9.544,8.239
7,,8.555,8.555,8.239,8.239,11.344,15.996,22.23,156.088,66.503,14.191,9.544,8.239
8,,8.555,8.555,8.239,8.239,9.207,18.441,10.241,44.572,32.582,13.76,9.544,8.239
9,,8.555,8.555,8.239,7.931,9.207,15.996,9.889,51.929,91.286,13.337,9.544,7.931
10,,8.555,8.239,8.239,19.48,8.877,10.241,9.207,44.572,42.84,13.76,9.544,7.931
11,,8.555,8.555,8.239,11.344,8.877,11.727,11.344,51.929,39.5,13.76,9.544,7.931
12,,8.747,8.555,8.239,9.544,8.555,11.344,11.727,223.962,29.086,12.923,9.544,7.931
13,,8.555,8.555,8.239,8.555,8.555,12.117,21.662,84.637,37.892,12.923,9.544,7.931
14,,8.555,8.555,7.931,8.555,8.555,21.103,20.012,51.929,50.025,12.516,9.544,7.931
15,,8.555,8.239,7.931,7.931,8.239,21.103,13.337,274.22,44.572,12.117,9.544,7.931
16,,8.555,8.239,7.631,7.931,8.239,15.996,13.337,71.078,27.755,12.117,9.207,7.931
17,,8.555,8.239,7.631,7.931,8.239,20.012,17.437,154.205,29.086,12.117,17.437,7.931
18,,8.555,8.239,7.631,7.631,7.931,9.889,13.76,175.697,31.154,12.117,12.923,7.931
19,,8.555,8.239,7.337,7.631,7.931,22.23,58.94,216.956,21.662,12.117,10.601,7.631
20,,8.555,8.239,8.239,8.239,7.931,10.241,13.337,201.134,20.553,11.727,9.889,7.931
21,,9.207,8.239,7.931,7.931,7.931,9.889,18.441,83.344,19.48,11.344,9.544,7.931
22,,9.207,8.239,8.555,7.931,8.239,9.889,13.76,59.986,19.48,11.344,9.207,7.631
23,,11.727,8.239,8.555,8.555,8.239,9.544,31.154,53.877,18.956,11.344,9.207,7.631
24,,9.889,8.239,8.555,8.555,9.207,9.207,29.766,47.25,18.441,10.968,9.207,7.631
25,,9.544,8.239,8.239,8.555,8.239,22.23,22.807,75.841,18.441,10.968,8.877,7.631
26,,9.207,8.239,8.239,8.555,8.239,29.766,75.841,171.661,19.48,10.968,9.207,7.631
27,,8.877,8.239,8.239,8.555,8.555,30.455,32.582,121.038,18.441,10.968,9.207,7.631
28,,8.877,8.239,8.239,8.555,8.555,24.593,37.892,73.436,17.437,10.601,8.555,7.631
29,,8.555,         ,7.931,8.555,9.207,30.455,48.165,105.52,16.468,10.601,8.555,7.631
30,,8.555,         ,7.931,8.555,9.207,12.923,32.582,55.869,16.468,10.601,8.555,7.631
31,,8.555,         ,7.931,         ,9.889,         ,31.863,53.877,         ,10.241,         ,7.631
,,,,,,,,,,,,,
Mean,,8.843,8.386,8.164,8.765,10.643,15.653,23.176,102.81,35.035,12.607,9.847,7.935
Flow (MCM),,23.685,20.287,21.867,22.718,28.508,40.572,62.075,275.367,90.81,33.767,25.524,21.252
Maximum,,11.727,8.555,9.544,19.48,27.104,30.455,75.841,274.22,91.286,15.996,17.437,8.555
Minimum,,8.555,8.239,7.337,7.631,7.931,8.555,9.207,23.393,16.468,10.241,8.555,7.631
Runoff (mm),,51.266,43.911,47.332,49.173,61.705,87.819,134.361,596.033,196.558,73.09,55.247,46
,,,,,,,,,,,,,
Flow (cumecs),,,,,,,,,,,,,
,,,,,,,,,,,,,
Annual Statistics,,,,,,,,,,,,,
,,,,,,,,,,,,,
Maximum : 274.220,Minimum : 7.337,Mean : 20.989,cumecs,,,,,,,,,,
Total : 661.899 MCM,Runoff : 1432.681 mm,,,,,,,,,,,,
Possible data flags,,,,,,,,,,,,,
,,,,,,,,,,,,,
"No data stored ""-""","Estimated values ""e""",,,,,,,,,,,,
,,,,,,,,,,,,,
,,,,,,,,,,,,,
nile,,,,,,,,,,,,,
Annual Report of Daily Data: INSTANTANEOUS DAILY FLOW,,,,,,,,,,,,,
,,,,,,,,,,,,,
Station Number : 111007         ,Year: 2011,,,,,,,,,,,,
Station Name : MEGECH NR.AZEZO,,,,,,,,,,,,,
Time-Series Type : Flow (cumecs),,,,,,,,,,,,,
,,,,,,,,,,,,,
Latitude : 12:29: 0 N ,Longitude : 37:27: 0 E ,Area : 462.0 sq km,,,,,,,,,,,
,,,,,,,,,,,,,
,,Jan  ,Feb  ,Mar  ,Apr  ,May  ,Jun  ,Jul  ,Aug  ,Sep  ,Oct  ,Nov  ,Dec  
,,,,,,,,,,,,,
1,,7.337,7.05,6.232,6.498,6.232,9.544,20.012,175.697,67.629,8.877,20.553,12.923
2,,7.337,7.05,6.498,6.498,6.232,20.012,16.468,48.165,56.881,8.877,17.437,12.923
3,,7.337,7.05,6.498,6.498,6.232,10.601,19.48,89.931,67.629,9.207,27.755,12.923
4,,7.337,6.77,6.232,6.498,6.232,10.601,50.972,41.989,50.025,8.555,19.48,12.923
5,,7.337,6.77,6.498,6.498,6.232,83.344,19.48,53.877,54.867,7.931,20.012,12.923
6,,7.337,6.77,6.498,6.498,6.232,50.025,35.556,107.013,50.972,5.72,17.437,12.923
7,,7.337,6.77,6.498,6.498,6.232,22.23,14.191,529.613,57.905,5.72,17.437,12.923
8,,7.337,6.77,6.498,6.232,6.232,9.207,11.727,114.674,44.572,7.337,17.437,12.923
9,,7.337,6.77,6.498,6.498,6.498,8.555,45.454,407.603,50.972,7.05,20.553,12.923
10,,7.337,6.77,6.77,6.232,25.207,9.889,14.629,124.3,43.701,6.77,18.441,12.516
11,,7.337,6.77,6.77,6.498,10.968,7.931,12.117,114.674,47.25,7.337,17.437,12.516
12,,7.05,6.77,6.77,6.498,7.931,9.207,37.103,68.767,55.869,7.931,16.468,12.516
13,,7.05,6.77,6.77,6.232,9.207,17.935,36.324,87.26,46.347,6.77,15.996,12.516
14,,7.05,6.77,6.77,6.232,7.337,39.5,23.989,57.905,38.691,11.344,15.996,12.516
15,,7.05,6.498,6.77,6.232,17.437,42.84,139.64,71.078,37.103,17.437,15.532,12.923
16,,7.05,6.498,6.77,6.498,9.207,15.532,31.863,64.285,37.892,17.437,15.532,12.923
17,,7.05,6.232,7.05,6.498,7.931,15.532,23.989,62.113,37.103,17.437,14.629,12.923
18,,7.05,6.232,7.05,6.232,7.631,15.532,24.593,105.52,36.324,17.437,14.629,12.516
19,,7.05,6.232,6.77,6.232,22.807,34.049,17.437,177.737,26.462,16.948,14.629,12.516
20,,7.05,6.232,6.77,6.232,9.207,9.889,20.553,75.841,12.923,16.468,14.191,12.516
21,,7.05,6.232,6.77,6.498,7.931,8.555,44.572,91.286,13.337,16.468,14.191,12.516
22,,7.05,6.77,6.77,7.337,7.631,8.555,111.571,94.032,12.117,16.468,14.191,12.516
23,,7.05,6.498,6.498,7.05,15.996,89.931,46.347,83.344,11.344,15.996,14.191,12.117
24,,8.555,6.498,6.498,6.77,7.337,15.532,15.996,59.986,39.5,15.996,13.76,12.117
25,,8.877,6.498,6.498,6.77,7.931,9.889,20.553,83.344,9.889,15.532,13.76,11.727
26,,9.207,6.498,6.498,6.498,10.968,34.049,23.989,71.078,10.601,15.532,13.76,11.727
27,,7.931,6.498,6.498,6.232,21.103,17.437,23.989,238.387,8.239,15.532,13.76,12.117
28,,7.931,6.498,6.498,6.232,11.344,10.601,20.012,75.841,7.931,15.532,13.76,12.117
29,,7.631,         ,6.77,6.232,8.555,22.807,18.441,95.424,7.337,15.532,13.337,12.117
30,,7.337,         ,6.77,6.232,20.553,28.416,50.972,57.905,7.931,16.468,13.337,11.344
31,,7.337,         ,6.77,         ,10.601,         ,38.691,52.898,         ,18.441,         ,11.344
,,,,,,,,,,,,,
Mean,,7.423,6.626,6.639,6.456,10.36,22.924,33.249,115.534,34.978,12.583,16.321,12.483
Flow (MCM),,19.882,16.03,17.783,16.733,27.749,59.42,89.053,309.448,90.663,33.704,42.304,33.433
Maximum,,9.207,7.05,7.05,7.337,25.207,89.931,139.64,529.613,67.629,18.441,27.755,12.923
Minimum,,7.05,6.232,6.232,6.232,6.232,7.931,11.727,41.989,7.337,5.72,13.337,11.344
Runoff (mm),,43.034,34.697,38.49,36.219,60.063,128.614,192.756,669.8,196.241,72.951,91.567,72.366
,,,,,,,,,,,,,
Flow (cumecs),,,,,,,,,,,,,
,,,,,,,,,,,,,
Annual Statistics,,,,,,,,,,,,,
,,,,,,,,,,,,,
Maximum : 529.613,Minimum : 5.720,Mean : 23.798,cumecs,,,,,,,,,,
Total : 750.496 MCM,Runoff : 1624.450 mm,,,,,,,,,,,,
Possible data flags,,,,,,,,,,,,,
,,,,,,,,,,,,,
"No data stored ""-""","Estimated values ""e""",,,,,,,,,,,,
,,,,,,,,,,,,,
,,,,,,,,,,,,,
nile,,,,,,,,,,,,,
Annual Report of Daily Data: INSTANTANEOUS DAILY FLOW,,,,,,,,,,,,,
,,,,,,,,,,,,,
Station Number : 111007         ,Year: 2012,,,,,,,,,,,,
Station Name : MEGECH NR.AZEZO,,,,,,,,,,,,,
Time-Series Type : Flow (cumecs),,,,,,,,,,,,,
,,,,,,,,,,,,,
Latitude : 12:29: 0 N ,Longitude : 37:27: 0 E ,Area : 462.0 sq km,,,,,,,,,,,
,,,,,,,,,,,,,
,,Jan  ,Feb  ,Mar  ,Apr  ,May  ,Jun  ,Jul  ,Aug  ,Sep  ,Oct  ,Nov  ,Dec  
,,,,,,,,,,,,,
1,,11.344,10.601,9.889,9.544,9.207,8.555,179.791,57.905,45.454,12.117,14.629,11.344
2,,11.344,10.601,9.889,9.544,9.544,8.555,107.013,46.347,63.193,13.337,13.76,10.601
3,,11.344,10.601,9.889,9.207,9.207,8.877,80.795,159.896,68.767,12.117,14.629,10.968
4,,11.344,10.601,9.889,9.207,8.877,8.877,37.892,75.841,33.311,10.968,14.191,10.968
5,,11.344,10.601,9.889,9.207,8.877,9.207,27.755,91.286,35.556,9.889,12.516,10.968
6,,11.344,10.601,9.889,9.207,9.207,10.968,16.948,56.881,121.038,9.889,12.516,10.601
7,,11.344,10.601,9.889,9.207,9.207,9.889,84.637,50.972,134.405,9.889,13.337,10.241
8,,11.344,10.601,9.889,9.207,9.889,9.889,29.766,48.165,144.998,10.241,44.572,9.889
9,,11.344,10.241,9.889,9.207,12.923,10.601,25.207,52.898,41.989,10.601,15.996,9.889
10,,11.344,10.241,9.544,8.877,11.344,13.337,56.881,52.898,36.324,11.344,13.337,9.544
11,,11.344,10.241,9.544,8.877,10.601,12.923,41.149,58.94,29.086,11.727,12.516,8.877
12,,10.968,10.241,9.544,8.877,16.948,15.077,28.416,78.294,33.311,10.601,12.516,8.877
13,,11.344,10.241,9.544,9.207,13.76,11.727,44.572,80.795,25.207,11.344,12.516,8.877
14,,12.117,10.241,9.544,9.207,11.344,10.968,307.415,54.867,23.393,11.344,12.923,8.555
15,,12.117,10.241,9.207,9.207,10.601,13.76,37.103,88.589,26.462,11.727,12.923,8.555
16,,13.337,9.889,9.207,9.207,9.889,10.601,159.896,169.665,29.086,11.344,12.117,8.555
17,,12.117,9.889,9.207,9.207,9.889,10.601,132.687,71.078,22.23,9.544,12.117,8.555
18,,11.727,9.889,9.544,8.877,9.889,10.241,27.104,68.767,20.553,7.931,12.516,8.555
19,,11.727,9.889,9.544,8.877,9.544,19.48,219.276,53.877,19.48,7.05,11.344,10.241
20,,11.344,9.889,9.544,8.877,9.207,12.117,268.912,57.905,20.553,7.337,12.117,11.344
21,,11.344,10.241,9.889,9.207,9.207,20.012,355.347,50.025,15.996,7.337,12.117,10.601
22,,11.344,9.889,9.889,9.207,8.877,19.48,83.344,44.572,13.337,7.05,11.344,10.601
23,,10.968,9.889,9.889,9.544,8.877,15.532,40.319,42.84,14.629,7.337,10.601,10.601
24,,10.968,9.889,9.889,9.207,8.555,12.516,66.503,79.539,19.48,7.631,10.601,10.601
25,,10.968,9.889,9.889,9.207,8.877,25.207,33.311,50.025,12.923,7.631,9.889,10.601
26,,10.601,9.889,9.889,8.877,8.877,92.652,29.766,64.285,12.923,7.931,10.601,9.889
27,,10.968,9.889,9.889,9.207,9.207,136.136,36.324,163.761,10.968,7.337,10.601,9.889
28,,10.968,9.889,9.889,8.877,8.877,27.755,57.905,212.36,9.889,7.337,11.344,9.889
29,,10.968,9.889,9.889,9.207,8.877,30.455,39.5,59.986,9.889,7.931,10.968,9.544
30,,10.601,         ,9.889,9.207,8.877,45.454,53.877,59.986,21.662,13.337,11.344,9.544
31,,11.344,         ,9.544,         ,8.555,         ,40.319,50.972,         ,12.117,         ,9.889
,,,,,,,,,,,,,
Mean,,11.375,10.183,9.723,9.153,9.923,21.715,88.701,75.943,37.203,9.784,13.417,9.924
Flow (MCM),,30.467,25.513,26.042,23.724,26.578,56.285,237.577,203.405,96.43,26.207,34.776,26.581
Maximum,,13.337,10.601,9.889,9.544,16.948,136.136,355.347,212.36,144.998,13.337,44.572,11.344
Minimum,,10.601,9.889,9.207,8.877,8.555,8.555,16.948,42.84,9.889,7.05,9.889,8.555
Runoff (mm),,65.945,55.224,56.367,51.35,57.528,121.829,514.235,440.269,208.724,56.724,75.272,57.535
,,,,,,,,,,,,,
Flow (cumecs),,,,,,,,,,,,,
,,,,,,,,,,,,,
Annual Statistics,,,,,,,,,,,,,
,,,,,,,,,,,,,
Maximum : 355.347,Minimum : 7.050,Mean : 25.587,cumecs,,,,,,,,,,
Total : 809.120 MCM,Runoff : 1751.341 mm,,,,,,,,,,,,
Possible data flags,,,,,,,,,,,,,
,,,,,,,,,,,,,
"No data stored ""-""","Estimated values ""e""",,,,,,,,,,,,
,,,,,,,,,,,,,
,,,,,,,,,,,,,
nile,,,,,,,,,,,,,
Annual Report of Daily Data: INSTANTANEOUS DAILY FLOW,,,,,,,,,,,,,
,,,,,,,,,,,,,
Station Number : 111007         ,Year: 2013,,,,,,,,,,,,
Station Name : MEGECH NR.AZEZO,,,,,,,,,,,,,
Time-Series Type : Flow (cumecs),,,,,,,,,,,,,
,,,,,,,,,,,,,
Latitude : 12:29: 0 N ,Longitude : 37:27: 0 E ,Area : 462.0 sq km,,,,,,,,,,,
,,,,,,,,,,,,,
,,Jan  ,Feb  ,Mar  ,Apr  ,May  ,Jun  ,Jul  ,Aug  ,Sep  ,Oct  ,Nov  ,Dec  
,,,,,,,,,,,,,
1,,9.889,7.05,7.05,5.72,4.342,8.555,19.48,66.503,46.347,16.948,9.889,7.05
2,,9.544,7.337,7.337,5.474,4.342,8.239,51.929,41.149,38.691,14.629,9.889,7.05
3,,9.207,7.337,6.77,5.474,4.342,8.555,50.972,42.84,34.798,14.191,9.544,6.77
4,,9.207,7.337,6.77,5.474,4.556,7.931,15.996,46.347,51.929,14.191,9.207,6.77
5,,8.877,7.337,7.05,5.474,4.776,8.555,17.437,42.84,31.863,14.629,8.555,6.77
6,,8.555,7.631,6.77,5.235,4.776,35.556,14.629,55.869,37.892,15.077,8.555,6.77
7,,7.931,7.631,6.77,5.235,5.235,19.48,14.629,51.929,45.454,15.532,8.555,6.77
8,,7.931,7.631,6.498,5.002,5.235,8.877,18.441,48.165,39.5,20.012,8.555,6.77
9,,7.631,7.631,6.77,5.002,5.474,17.437,13.337,85.942,35.556,15.077,8.555,6.498
10,,7.631,7.631,7.631,4.776,5.474,6.77,13.337,50.972,35.556,14.629,9.889,6.498
11,,7.337,7.631,6.77,4.776,5.972,10.968,25.207,41.149,31.154,14.191,9.207,6.232
12,,7.337,7.631,6.498,4.776,5.972,6.498,17.437,99.674,28.416,13.337,8.555,6.498
13,,7.631,7.631,6.77,4.776,41.989,15.077,25.207,95.424,25.207,12.516,8.239,6.498
14,,7.931,7.631,6.77,4.776,7.931,16.468,88.589,144.998,25.207,13.337,8.239,6.498
15,,7.931,7.631,7.05,4.776,7.931,13.76,161.822,46.347,23.989,12.516,7.931,6.498
16,,7.931,7.631,7.05,5.235,8.239,12.923,152.336,84.637,23.989,12.117,8.555,6.232
17,,7.337,7.631,6.77,5.235,8.555,8.239,34.049,73.436,24.593,12.117,9.544,6.232
18,,7.337,7.337,6.77,5.235,8.239,6.77,29.086,61.044,37.892,11.727,21.662,6.232
19,,7.337,7.05,6.77,5.474,7.931,6.77,26.462,61.044,26.462,11.727,9.889,6.498
20,,7.337,6.77,6.498,5.474,8.239,13.337,21.662,65.388,22.23,10.968,9.544,6.498
21,,7.337,6.77,6.498,5.474,8.239,15.532,20.553,52.898,20.553,10.968,8.555,6.498
22,,7.337,7.05,6.232,5.72,8.239,34.049,110.039,41.989,20.553,10.601,8.239,6.232
23,,7.05,6.77,6.232,5.972,8.555,10.601,37.892,56.881,20.012,10.968,8.877,6.232
24,,7.05,6.77,6.232,5.972,8.555,17.437,290.527,51.929,20.012,11.344,9.544,6.232
25,,7.05,6.498,6.232,5.235,9.207,10.968,41.149,39.5,17.437,12.516,8.877,6.232
26,,7.05,6.498,6.498,5.235,9.207,10.968,36.324,52.898,14.191,11.727,7.931,5.972
27,,7.05,6.498,6.232,4.776,7.931,13.76,39.5,108.52,14.191,10.968,7.337,6.232
28,,6.77,6.77,5.972,4.556,8.239,13.76,36.324,48.165,13.76,10.601,7.337,6.232
29,,6.77,         ,5.972,4.342,7.931,9.889,50.025,52.898,13.76,10.241,7.337,5.972
30,,7.05,         ,5.972,4.342,7.931,15.532,55.869,41.149,13.76,9.889,7.05,5.972
31,,7.05,         ,5.72,         ,8.555,         ,37.892,99.674,         ,9.889,         ,5.972
,,,,,,,,,,,,,
Mean,,7.723,7.241,6.61,5.167,8.134,13.109,50.585,62.974,27.832,12.877,9.121,6.432
Flow (MCM),,20.685,17.517,17.705,13.394,21.785,33.978,135.487,168.67,72.14,34.489,23.643,17.229
Maximum,,9.889,7.631,7.631,5.972,41.989,35.556,290.527,144.998,51.929,20.012,21.662,7.05
Minimum,,6.77,6.498,5.72,4.342,4.342,6.498,13.337,39.5,13.76,9.889,7.05,5.972
Runoff (mm),,44.773,37.916,38.323,28.991,47.154,73.545,293.262,365.086,156.147,74.652,51.174,37.291
,,,,,,,,,,,,,
Flow (cumecs),,,,,,,,,,,,,
,,,,,,,,,,,,,
Annual Statistics,,,,,,,,,,,,,
,,,,,,,,,,,,,
Maximum : 290.527,Minimum : 4.342,Mean : 18.150,cumecs,,,,,,,,,,
Total : 572.393 MCM,Runoff : 1238.946 mm,,,,,,,,,,,,
Possible data flags,,,,,,,,,,,,,
,,,,,,,,,,,,,
"No data stored ""-""","Estimated values ""e""",,,,,,,,,,,,
,,,,,,,,,,,,,
,,,,,,,,,,,,,
nile,,,,,,,,,,,,,
Annual Report of Daily Data: INSTANTANEOUS DAILY FLOW,,,,,,,,,,,,,
,,,,,,,,,,,,,
Station Number : 111007         ,Year: 2014,,,,,,,,,,,,
Station Name : MEGECH NR.AZEZO,,,,,,,,,,,,,
Time-Series Type : Flow (cumecs),,,,,,,,,,,,,
,,,,,,,,,,,,,
Latitude : 12:29: 0 N ,Longitude : 37:27: 0 E ,Area : 462.0 sq km,,,,,,,,,,,
,,,,,,,,,,,,,
,,Jan  ,Feb  ,Mar  ,Apr  ,May  ,Jun  ,Jul  ,Aug  ,Sep  ,Oct  ,Nov  ,Dec  
,,,,,,,,,,,,,
1,,5.72,5.002,5.002,4.776,7.931,7.05,8.877,98.245,37.892,14.191,-   ,-   
2,,5.72,5.235,6.77,4.556,8.555,6.77,116.246,43.701,36.324,14.629,-   ,-   
3,,5.72,5.474,5.002,4.776,7.931,6.77,37.892,65.388,53.877,18.956,-   ,-   
4,,5.972,5.235,5.002,4.776,6.77,6.498,18.441,54.867,37.892,15.996,-   ,-   
5,,5.72,5.002,7.931,4.776,6.498,6.498,18.441,57.905,33.311,-   ,-   ,-   
6,,5.72,5.002,7.931,4.776,6.232,6.498,30.455,52.898,45.454,-   ,-   ,-   
7,,5.72,5.235,6.77,5.002,5.972,7.931,19.48,68.767,96.828,-   ,-   ,-   
8,,5.474,5.235,6.232,4.776,5.72,6.77,22.23,83.344,59.986,-   ,-   ,-   
9,,5.72,5.235,6.498,4.776,9.207,6.498,22.807,194.577,41.149,-   ,-   ,-   
10,,5.72,5.235,6.232,5.002,11.727,12.923,16.468,44.572,37.892,-   ,-   ,-   
11,,5.72,5.235,12.923,5.002,28.416,5.235,21.662,39.5,39.5,-   ,-   ,-   
12,,5.72,5.002,41.989,5.235,39.5,11.727,21.103,82.064,37.892,-   ,-   ,-   
13,,5.72,5.002,40.319,5.972,12.516,9.544,22.807,44.572,30.455,-   ,-   ,-   
14,,5.72,5.002,8.555,5.235,8.877,7.931,27.104,31.863,30.455,-   ,-   ,-   
15,,5.474,5.002,6.77,5.72,8.555,7.337,32.582,37.103,26.462,-   ,-   ,-   
16,,5.72,5.235,6.77,5.002,9.889,6.77,17.437,116.246,39.5,-   ,-   ,-   
17,,5.72,5.235,5.972,7.05,12.923,9.544,15.996,46.347,29.766,-   ,-   ,-   
18,,6.498,5.002,5.972,7.337,9.889,7.337,15.532,37.103,24.593,-   ,-   ,-   
19,,5.972,5.002,5.972,5.72,8.877,6.77,31.863,56.881,22.807,-   ,-   ,-   
20,,6.232,5.235,6.498,5.72,21.662,7.05,20.553,38.691,18.441,-   ,-   ,-   
21,,5.72,5.235,5.474,5.002,14.629,7.931,25.207,31.154,18.441,-   ,-   ,-   
22,,5.72,5.235,5.474,5.235,73.436,9.207,25.207,71.078,16.948,-   ,-   ,-   
23,,5.72,5.235,5.474,4.776,17.935,14.629,20.012,34.049,15.532,-   ,-   ,-   
24,,5.474,5.235,5.235,4.776,16.948,19.48,25.207,175.697,15.532,-   ,-   ,-   
25,,5.474,5.235,5.002,5.972,25.207,9.889,29.086,37.892,15.996,-   ,-   ,-   
26,,5.474,5.002,5.002,26.462,21.662,8.555,31.863,37.103,15.532,-   ,-   ,-   
27,,5.235,5.002,4.776,53.877,14.629,8.555,25.207,39.5,16.468,-   ,-   ,-   
28,,5.235,5.002,4.776,9.544,14.629,7.631,31.863,31.863,15.532,-   ,-   ,-   
29,,5.235,         ,4.776,20.553,8.555,5.72,22.807,41.149,15.996,-   ,-   ,-   
30,,5.235,         ,4.776,9.889,7.631,11.727,25.207,58.94,14.629,-   ,-   ,-   
31,,5.002,         ,4.776,         ,7.337,         ,116.246,37.892,         ,-   ,         ,-   
,,,,,,,,,,,,,
Mean,,5.652,5.144,8.408,8.402,14.847,8.559,29.545,60.998,31.369,-     ,-     ,-     
Flow (MCM),,15.139,12.443,22.52,21.779,39.765,22.185,79.133,163.378,81.309,-     ,-     ,-     
Maximum,,6.498,5.474,41.989,53.877,73.436,19.48,116.246,194.577,96.828,-     ,-     ,-     
Minimum,,5.002,5.002,4.776,4.556,5.72,5.235,8.877,31.154,14.629,-     ,-     ,-     
Runoff (mm),,32.769,26.934,48.745,47.14,86.072,48.02,171.283,353.632,175.994,-     ,-     ,-     
,,,,,,,,,,,,,
Flow (cumecs),,,,,,,,,,,,,
,,,,,,,,,,,,,
Annual Statistics,,,,,,,,,,,,,
,,,,,,,,,,,,,
Maximum : -   ,Minimum : -   ,Mean : -   ,cumecs,,,,,,,,,,
Total : -   ,Runoff : -    mm,,,,,,,,,,,,
Possible data flags,,,,,,,,,,,,,
,,,,,,,,,,,,,
"No data stored ""-""","Estimated values ""e""",,,,,,,,,,,,
,,,,,,,,,,,,,
,,,,,,,,,,,,,
nile,,,,,,,,,,,,,
Annual Report of Daily Data: INSTANTANEOUS DAILY FLOW,,,,,,,,,,,,,
,,,,,,,,,,,,,
Station Number : 111007         ,Year: 2015,,,,,,,,,,,,
Station Name : MEGECH NR.AZEZO,,,,,,,,,,,,,
Time-Series Type : Flow (cumecs),,,,,,,,,,,,,
,,,,,,,,,,,,,
Latitude : 12:29: 0 N ,Longitude : 37:27: 0 E ,Area : 462.0 sq km,,,,,,,,,,,
,,,,,,,,,,,,,
,,Jan  ,Feb  ,Mar  ,Apr  ,May  ,Jun  ,Jul  ,Aug  ,Sep  ,Oct  ,Nov  ,Dec  
,,,,,,,,,,,,,
1,,-   ,-   ,-   ,-   ,-   ,-   ,-   ,-   ,-   ,-   ,-   ,-   
2,,-   ,-   ,-   ,-   ,-   ,-   ,-   ,-   ,-   ,-   ,-   ,-   
3,,-   ,-   ,-   ,-   ,-   ,-   ,-   ,-   ,-   ,-   ,-   ,-   
4,,-   ,-   ,-   ,-   ,-   ,-   ,-   ,-   ,-   ,-   ,-   ,-   
5,,-   ,-   ,-   ,-   ,-   ,-   ,-   ,-   ,-   ,-   ,-   ,-   
6,,-   ,-   ,-   ,-   ,-   ,-   ,-   ,-   ,-   ,-   ,-   ,-   
7,,-   ,-   ,-   ,-   ,-   ,-   ,-   ,-   ,-   ,-   ,-   ,-   
8,,-   ,-   ,-   ,-   ,-   ,-   ,-   ,-   ,-   ,-   ,-   ,-   
9,,-   ,-   ,-   ,-   ,-   ,-   ,-   ,-   ,-   ,-   ,-   ,-   
10,,-   ,-   ,-   ,-   ,-   ,-   ,-   ,-   ,-   ,-   ,-   ,-   
11,,-   ,-   ,-   ,-   ,-   ,-   ,-   ,-   ,-   ,-   ,-   ,-   
12,,-   ,-   ,-   ,-   ,-   ,-   ,-   ,-   ,-   ,-   ,-   ,-   
13,,-   ,-   ,-   ,-   ,-   ,-   ,-   ,-   ,-   ,-   ,-   ,-   
14,,-   ,-   ,-   ,-   ,-   ,-   ,-   ,-   ,-   ,-   ,-   ,-   
15,,-   ,-   ,-   ,-   ,-   ,-   ,-   ,-   ,-   ,-   ,-   ,-   
16,,-   ,-   ,-   ,-   ,-   ,-   ,-   ,-   ,-   ,-   ,-   ,-   
17,,-   ,-   ,-   ,-   ,-   ,-   ,-   ,-   ,-   ,-   ,-   ,-   
18,,-   ,-   ,-   ,-   ,-   ,-   ,-   ,-   ,-   ,-   ,-   ,-   
19,,-   ,-   ,-   ,-   ,-   ,-   ,-   ,-   ,-   ,-   ,-   ,-   
20,,-   ,-   ,-   ,-   ,-   ,-   ,-   ,-   ,-   ,-   ,-   ,-   
21,,-   ,-   ,-   ,-   ,-   ,-   ,-   ,-   ,-   ,-   ,-   ,-   
22,,-   ,-   ,-   ,-   ,-   ,-   ,-   ,-   ,-   ,-   ,-   ,-   
23,,-   ,-   ,-   ,-   ,-   ,-   ,-   ,-   ,-   ,-   ,-   ,-   
24,,-   ,-   ,-   ,-   ,-   ,-   ,-   ,-   ,-   ,-   ,-   ,-   
25,,-   ,-   ,-   ,-   ,-   ,-   ,-   ,-   ,-   ,-   ,-   ,-   
26,,-   ,-   ,-   ,-   ,-   ,-   ,-   ,-   ,-   ,-   ,-   ,-   
27,,-   ,-   ,-   ,-   ,-   ,-   ,-   ,-   ,-   ,-   ,-   ,-   
28,,-   ,-   ,-   ,-   ,-   ,-   ,-   ,-   ,-   ,-   ,-   ,-   
29,,-   ,         ,-   ,-   ,-   ,-   ,-   ,-   ,-   ,-   ,-   ,-   
30,,-   ,         ,-   ,-   ,-   ,-   ,-   ,-   ,-   ,-   ,-   ,-   
31,,-   ,         ,-   ,         ,-   ,         ,-   ,-   ,         ,-   ,         ,-   
,,,,,,,,,,,,,
Mean,,-     ,-     ,-     ,-     ,-     ,-     ,-     ,-     ,-     ,-     ,-     ,-     
Flow (MCM),,-     ,-     ,-     ,-     ,-     ,-     ,-     ,-     ,-     ,-     ,-     ,-     
Maximum,,-     ,-     ,-     ,-     ,-     ,-     ,-     ,-     ,-     ,-     ,-     ,-     
Minimum,,-     ,-     ,-     ,-     ,-     ,-     ,-     ,-     ,-     ,-     ,-     ,-     
Runoff (mm),,-     ,-     ,-     ,-     ,-     ,-     ,-     ,-     ,-     ,-     ,-     ,-     
,,,,,,,,,,,,,
Flow (cumecs),,,,,,,,,,,,,
,,,,,,,,,,,,,
Annual Statistics,,,,,,,,,,,,,
,,,,,,,,,,,,,
Maximum : -   ,Minimum : -   ,Mean : -   ,cumecs,,,,,,,,,,
Total : -   ,Runoff : -    mm,,,,,,,,,,,,
Possible data flags,,,,,,,,,,,,,
,,,,,,,,,,,,,
"No data stored ""-""","Estimated values ""e""",,,,,,,,,,,,